ID,TYPE,PARENT,NAME,SOURCE,TARGET,REFERENCE_MODEL_ID,TERM_ID,LABEL,,PROPERTIES:,Description,TCFD_Map?,EBA_P3_Map?,SEC_Map?,SASB_Map?,confidence
5995bdb5-0b8d-4a23-88a6-c41f3f4c9032,Layer,,IFRS S2: Climate-related Disclosures,,,,,,,,,,,,,
f6f7e0c1-0ea5-437d-af87-1087c6f9f174,Object,5995bdb5-0b8d-4a23-88a6-c41f3f4c9032,Governance,,,,,,,,,,,,,
71510a40-5f07-42af-a893-901e51b45ded,Attribute,f6f7e0c1-0ea5-437d-af87-1087c6f9f174,5,,,,,,,,"The objective of climate-related financial disclosures on governance is to enable users of general purpose financial reports to understand the governance processes, controls and procedures an entity uses to monitor, manage and oversee climate-related risks and opportunities.",,,,,
5a955e28-5d02-4758-8a96-cf08951cd113,Group,f6f7e0c1-0ea5-437d-af87-1087c6f9f174,6,,,,,,,,"To achieve this objective, an entity shall disclose information about:",,,,,
c21df3e9-4b43-4f59-b97c-63238c4eeb1a,Group,5a955e28-5d02-4758-8a96-cf08951cd113,(a),3c7fa6bb-758d-4557-b85f-e0ea1f612d87,,,,,,,"the governance body(s) (which can include a board, committee or equivalent body charged with governance) or individual(s) responsible for oversight of climate-related risks and opportunities. Specifically, the entity shall identify that body(s) or individual(s) and disclose information about:",Part,Part,Part,,
2e639db2-d563-4d12-bda3-544912363c95,Attribute,c21df3e9-4b43-4f59-b97c-63238c4eeb1a,(i),,,,,,,,"how responsibilities for climate-related risks and opportunities are reflected in the terms of reference, mandates, role descriptions and other related policies applicable to that body(s) or individual(s);",Part,Part,,,
d2f88ce2-4006-42f6-8e0d-b8d2778bc278,Attribute,c21df3e9-4b43-4f59-b97c-63238c4eeb1a,(ii),3c7fa6bb-758d-4557-b85f-e0ea1f612d87,,,,,,,how the body(s) or individual(s) determines whether appropriate skills and competencies are available or will be developed to oversee strategies designed to respond to climate-related risks and opportunities;,Part,Part,Part,,
7d0b8474-6371-4766-ae8d-fce04fefc3a7,Attribute,c21df3e9-4b43-4f59-b97c-63238c4eeb1a,(iii),3c7fa6bb-758d-4557-b85f-e0ea1f612d87,,,,,,,how and how often the body(s) or individual(s) is informed about climate-related risks and opportunities;,Yes,Yes,Yes,,
df12b5a7-85d5-456c-b48b-b8b86b975a36,Attribute,c21df3e9-4b43-4f59-b97c-63238c4eeb1a,(iv),3c7fa6bb-758d-4557-b85f-e0ea1f612d87,,,,,,,"how the body(s) or individual(s) takes into account climate-related risks and opportunities when overseeing the entity’s strategy, its decisions on major transactions and its risk management processes and related policies, including whether the body(s) or individual(s) has considered trade-offs associated with those risks and opportunities; and",Yes,Yes,Yes,,
50a56c3c-71ee-4470-a83f-7de7b88824af,Attribute,c21df3e9-4b43-4f59-b97c-63238c4eeb1a,(v),3c7fa6bb-758d-4557-b85f-e0ea1f612d87,,,,,,,"how the body(s) or individual(s) oversees the setting of targets related to climate-related risks and opportunities, and monitors progress towards those targets (see paragraphs 33⁠–⁠36), including whether and how related performance metrics are included in remuneration policies (see paragraph 29(g)).",Yes,Part,Yes,,
d670eaf2-d460-4fe5-9dfa-99a9c5a253d7,Group,5a955e28-5d02-4758-8a96-cf08951cd113,(b),62db3be0-23f6-4488-a5b1-8c359c50adb7,,,,,,,"management’s role in the governance processes, controls and procedures used to monitor, manage and oversee climate-related risks and opportunities, including information about:",Part,Part,Yes,,
fcad0300-eee8-40a6-acdb-459ee16c3fe8,Attribute,d670eaf2-d460-4fe5-9dfa-99a9c5a253d7,(i),,,,,,,,whether the role is delegated to a specific management-level position or management-level committee and how oversight is exercised over that position or committee; and,,,,,
d00cab2f-eae9-4836-b4f3-668c5ac557b5,Attribute,d670eaf2-d460-4fe5-9dfa-99a9c5a253d7,(ii),,,,,,,,"whether management uses controls and procedures to support the oversight of climate-related risks and opportunities and, if so, how these controls and procedures are integrated with other internal functions.",,,,,
9795c4bc-c602-4f7a-b969-730522de729c,Attribute,f6f7e0c1-0ea5-437d-af87-1087c6f9f174,7,,,,,,,,"In preparing disclosures to fulfil the requirements in paragraph 6, an entity shall avoid unnecessary duplication in accordance with IFRS S1 General Requirements for Disclosure of Sustainability-related Financial Information (IFRS S1) (see paragraph B42(b) of IFRS S1). For example, although an entity shall provide the information required by paragraph 6, if oversight of sustainability-related risks and opportunities is managed on an integrated basis, the entity would avoid duplication by providing integrated governance disclosures instead of separate disclosures for each sustainability-related risk and opportunity.",,,,,
ba4009b1-6a40-4ab1-ad33-4507c56632c2,Object,5995bdb5-0b8d-4a23-88a6-c41f3f4c9032,Strategy,,,,,,,,,,,,,
a6064081-b55d-4873-aabd-653b29cbcf7d,Attribute,ba4009b1-6a40-4ab1-ad33-4507c56632c2,8,,,,,,,,The objective of climate-related financial disclosures on strategy is to enable users of general purpose financial reports to understand an entity’s strategy for managing climate-related risks and opportunities.,,,,,
bcffbcff-33f9-413d-a5af-a0603af4b24f,Group,ba4009b1-6a40-4ab1-ad33-4507c56632c2,9,,,,,,,,"Specifically, an entity shall disclose information to enable users of general purpose financial reports to understand:",,,,,
5a429598-2506-478e-b7d5-f469caf447fd,Attribute,bcffbcff-33f9-413d-a5af-a0603af4b24f,(a),,,,,,,,the climate-related risks and opportunities that could reasonably be expected to affect the entity’s prospects (see paragraphs 10⁠–⁠12);,,,,,
30dfc8f6-30de-4e02-8c31-0ca7e1e33387,Attribute,bcffbcff-33f9-413d-a5af-a0603af4b24f,(b),,,,,,,,the current and anticipated effects of those climate-related risks and opportunities on the entity’s business model and value chain (see paragraph 13);,,,,,
c05e6e2c-e2d0-4b10-81a8-a8fcdcbf38e3,Attribute,bcffbcff-33f9-413d-a5af-a0603af4b24f,(c),,,,,,,,"the effects of those climate-related risks and opportunities on the entity’s strategy and decision-making, including information about its climate-related transition plan (see paragraph 14);",,,,,
118aaed9-5458-45a1-b9cf-f8dc786ebdaa,Attribute,bcffbcff-33f9-413d-a5af-a0603af4b24f,(d),,,,,,,,"the effects of those climate-related risks and opportunities on the entity’s financial position, financial performance and cash flows for the reporting period, and their anticipated effects on the entity’s financial position, financial performance and cash flows over the short, medium and long term, taking into consideration how those climate-related risks and opportunities have been factored into the entity’s financial planning (see paragraphs 15⁠–⁠21); and",,,,,
d594bb4a-3234-49d9-b315-ae1214a0c02f,Attribute,bcffbcff-33f9-413d-a5af-a0603af4b24f,(e),,,,,,,,"the climate resilience of the entity’s strategy and its business model to climate-related changes, developments and uncertainties, taking into consideration the entity’s identified climate-related risks and opportunities (see paragraph 22).",,,,,
a9c9650b-8183-4d41-9fea-73420515119c,Group,ba4009b1-6a40-4ab1-ad33-4507c56632c2,Climate-related risks and opportunities,,,,,,,,,,,,,
38aae54f-9b87-4e18-bba8-74119ce59226,Group,a9c9650b-8183-4d41-9fea-73420515119c,10,"de216cdb-19b3-4032-a075-1eceba71526e,48260b22-06f1-4729-a98e-3c2ac71a8a6c",,,,,,,"An entity shall disclose information that enables users of general purpose financial reports to understand the climate-related risks and opportunities that could reasonably be expected to affect the entity’s prospects. Specifically, the entity shall:",Yes,Yes,Yes,,
3f0c63c2-a5d0-4aa6-92d0-2d61975a01b7,Attribute,38aae54f-9b87-4e18-bba8-74119ce59226,(a),,,,,,,,describe climate-related risks and opportunities that could reasonably be expected to affect the entity’s prospects;,,,,,
b0bcb99f-1d35-4c5a-b595-519cc5d3c112,Attribute,38aae54f-9b87-4e18-bba8-74119ce59226,(b),"48260b22-06f1-4729-a98e-3c2ac71a8a6c,de216cdb-19b3-4032-a075-1eceba71526e",,,,,,,"explain, for each climate-related risk the entity has identified, whether the entity considers the risk to be a climate-related physical risk or climate-related transition risk;",Yes,,Yes,,
b208554d-9fb4-4756-9e18-3d2bb996fa34,Attribute,38aae54f-9b87-4e18-bba8-74119ce59226,(c),,,,,,,,"specify, for each climate-related risk and opportunity the entity has identified, over which time horizons—short, medium or long term—the effects of each climate-related risk and opportunity could reasonably be expected to occur; and",,,,,
7cc85bf9-0794-4845-bbaa-9f4225bb41f5,Attribute,38aae54f-9b87-4e18-bba8-74119ce59226,(d),c8ffaa4a-0b53-4560-98a5-1d7a3aef11bc,,,,,,,"explain how the entity defines ‘short term’, ‘medium term’ and ‘long term’ and how these definitions are linked to the planning horizons used by the entity for strategic decision-making.",Yes,Part,Yes,,
c326327d-75d6-48d9-b2c5-f8507e3d1df0,Attribute,a9c9650b-8183-4d41-9fea-73420515119c,11,,,,,,,,"In identifying the climate-related risks and opportunities that could reasonably be expected to affect an entity’s prospects, the entity shall use all reasonable and supportable information that is available to the entity at the reporting date without undue cost or effort, including information about past events, current conditions and forecasts of future conditions.",,,,,
df9dc2fa-0bb3-49f3-bc99-25fb9014a1be,Attribute,a9c9650b-8183-4d41-9fea-73420515119c,12,,,,,,,,"In identifying the climate-related risks and opportunities that could reasonably be expected to affect an entity’s prospects, the entity shall refer to and consider the applicability of the industry-based disclosure topics defined in the Industry-based Guidance on Implementing IFRS S2.",,,,,
2f24feb1-715e-4562-83e2-4a277a5089b5,Group,ba4009b1-6a40-4ab1-ad33-4507c56632c2,Business model and value chain,,,,,,,,,,,,,
72c62a8f-559a-4b95-8ed6-8897d961edcc,Group,2f24feb1-715e-4562-83e2-4a277a5089b5,13,,,,,,,,"An entity shall disclose information that enables users of general purpose financial reports to understand the current and anticipated effects of climate-related risks and opportunities on the entity’s business model and value chain. Specifically, the entity shall disclose:",,,,,
ffe9c960-6a14-4725-9477-d4fc741d75c3,Attribute,72c62a8f-559a-4b95-8ed6-8897d961edcc,(a),"de216cdb-19b3-4032-a075-1eceba71526e,48260b22-06f1-4729-a98e-3c2ac71a8a6c",,,,,,,a description of the current and anticipated effects of climate-related risks and opportunities on the entity’s business model and value chain; and,Yes,Part,Yes,,
e874eea0-ac04-4d09-a366-d3d3d89f43a1,Attribute,72c62a8f-559a-4b95-8ed6-8897d961edcc,(b),48260b22-06f1-4729-a98e-3c2ac71a8a6c,,,,,,,"a description of where in the entity’s business model and value chain climate-related risks and opportunities are concentrated (for example, geographical areas, facilities and types of assets).",Yes,,Yes,,
d1aee234-0d90-40c3-81cd-9b87a153acbc,Group,ba4009b1-6a40-4ab1-ad33-4507c56632c2,Strategy and decision-making,,,,,,,,,,,,,
07949fee-3b38-42f0-ab51-8192a9bcc154,Group,d1aee234-0d90-40c3-81cd-9b87a153acbc,14,,,,,,,,"An entity shall disclose information that enables users of general purpose financial reports to understand the effects of climate-related risks and opportunities on its strategy and decision-making. Specifically, the entity shall disclose:",,,,,
82067ba4-0efd-456b-a2db-367ab01998d4,Group,07949fee-3b38-42f0-ab51-8192a9bcc154,(a),77e5d08c-cbcd-4510-982d-a56ac738ca3c,,,,,,,"information about how the entity has responded to, and plans to respond to, climate-related risks and opportunities in its strategy and decision-making, including how the entity plans to achieve any climate-related targets it has set and any targets it is required to meet by law or regulation. Specifically, the entity shall disclose information about:",Part,Part,Yes,,
b2e8a90f-39fe-4488-8c8b-ad5d9ec362de,Attribute,82067ba4-0efd-456b-a2db-367ab01998d4,(i),,,,,,,,"current and anticipated changes to the entity’s business model, including its resource allocation, to address climate-related risks and opportunities (for example, these changes could include plans to manage or decommission carbon-, energy- or water-intensive operations; resource allocations resulting from demand or supply-chain changes; resource allocations arising from business development through capital expenditure or additional expenditure on research and development; and acquisitions or divestments);",,,,,
2dfa628c-88dd-45f5-9eee-3c1d67bf5a5d,Attribute,82067ba4-0efd-456b-a2db-367ab01998d4,(ii),,,,,,,,"current and anticipated direct mitigation and adaptation efforts (for example, through changes in production processes or equipment, relocation of facilities, workforce adjustments, and changes in product specifications);",,,,,
bc5105cf-785b-4637-83e5-e7312c658607,Attribute,82067ba4-0efd-456b-a2db-367ab01998d4,(iii),,,,,,,,"current and anticipated indirect mitigation and adaptation efforts (for example, through working with customers and supply chains);",,,,,
8d7e3213-93d5-4e6e-9464-5b836bfd069e,Attribute,82067ba4-0efd-456b-a2db-367ab01998d4,(iv),,,,,,,,"any climate-related transition plan the entity has, including information about key assumptions used in developing its transition plan, and dependencies on which the entity’s transition plan relies; and",,,,,
fe556e2d-75f7-485b-a781-59d8c30c0b46,Attribute,82067ba4-0efd-456b-a2db-367ab01998d4,(v),77e5d08c-cbcd-4510-982d-a56ac738ca3c,,,,,,,"how the entity plans to achieve any climate-related targets, including any greenhouse gas emissions targets, described in accordance with paragraphs 33⁠–⁠36.",Part,Part,Yes,,
0296fa01-08a9-4ba5-b117-8db830f267fb,Attribute,07949fee-3b38-42f0-ab51-8192a9bcc154,(b),,,,,,,,"information about how the entity is resourcing, and plans to resource, the activities disclosed in accordance with paragraph 14(a).",,,,,
4d1c781a-418c-4112-b6a1-e5d89cb174ce,Attribute,07949fee-3b38-42f0-ab51-8192a9bcc154,(c),77e5d08c-cbcd-4510-982d-a56ac738ca3c,,,,,,,quantitative and qualitative information about the progress of plans disclosed in previous reporting periods in accordance with paragraph 14(a).,Yes,Yes,Yes,,
a1ecbe1a-7f08-4674-ba78-dda66fe85894,Group,ba4009b1-6a40-4ab1-ad33-4507c56632c2,"Financial position, financial performance and cash flows",,,,,,,,,,,,,
23645944-4a10-4fbe-a849-4d54f093c62e,Group,a1ecbe1a-7f08-4674-ba78-dda66fe85894,15,,,,,,,,An entity shall disclose information that enables users of general purpose financial reports to understand:,,,,,
fa2d72cf-0426-45e8-a540-a6c64face5f1,Attribute,23645944-4a10-4fbe-a849-4d54f093c62e,(a),,,,,,,,"the effects of climate-related risks and opportunities on the entity’s financial position, financial performance and cash flows for the reporting period (current financial effects); and",,,,,
73038587-7b97-44c7-9fd0-49cedc5575a5,Attribute,23645944-4a10-4fbe-a849-4d54f093c62e,(b),,,,,,,,"the anticipated effects of climate-related risks and opportunities on the entity’s financial position, financial performance and cash flows over the short, medium and long term, taking into consideration how climate-related risks and opportunities are included in the entity’s financial planning (anticipated financial effects).",,,,,
5c44c3ab-2b83-4307-ba3a-609947a393ec,Group,a1ecbe1a-7f08-4674-ba78-dda66fe85894,16,,,,,,,,"Specifically, an entity shall disclose quantitative and qualitative information about:",,,,,
16e07e32-16af-4a8a-91f1-0102e2fd3cde,Attribute,5c44c3ab-2b83-4307-ba3a-609947a393ec,(a),"4c2d5f5e-9f34-4751-8c0b-484b5fb1756d,5eaf0606-8b59-4155-8b2d-91ba2bc2708a,2098bd1b-ddde-4dc8-b3fd-d07890330814,48260b22-06f1-4729-a98e-3c2ac71a8a6c",,,,,,,"how climate-related risks and opportunities have affected its financial position, financial performance and cash flows for the reporting period;",Yes,,Yes,,
cf03bd31-6987-4e89-8157-9ef19fdc021a,Attribute,5c44c3ab-2b83-4307-ba3a-609947a393ec,(b),48260b22-06f1-4729-a98e-3c2ac71a8a6c,,,,,,,the climate-related risks and opportunities identified in paragraph 16(a) for which there is a significant risk of a material adjustment within the next annual reporting period to the carrying amounts of assets and liabilities reported in the related financial statements;,Yes,Yes,Part,,
06557a3b-6e2e-493a-989e-2b73fd638be9,Group,5c44c3ab-2b83-4307-ba3a-609947a393ec,(c),48260b22-06f1-4729-a98e-3c2ac71a8a6c,,,,,,,"how the entity expects its financial position to change over the short, medium and long term, given its strategy to manage climate-related risks and opportunities, taking into consideration:",Part,Part,Part,,
10b07880-ed64-4b7c-86e0-1272986a317a,Attribute,06557a3b-6e2e-493a-989e-2b73fd638be9,(i),,,,,,,,"its investment and disposal plans (for example, plans for capital expenditure, major acquisitions and divestments, joint ventures, business transformation, innovation, new business areas, and asset retirements), including plans the entity is not contractually committed to; and",,,,,
5a62792b-a51f-4294-b79a-43083b9c75f4,Attribute,06557a3b-6e2e-493a-989e-2b73fd638be9,(ii),,,,,,,,its planned sources of funding to implement its strategy; and,,,,,
e54b075c-7d7c-400a-9231-bda08ed68979,Attribute,5c44c3ab-2b83-4307-ba3a-609947a393ec,(d),48260b22-06f1-4729-a98e-3c2ac71a8a6c,,,,,,,"how the entity expects its financial performance and cash flows to change over the short, medium and long term, given its strategy to manage climate-related risks and opportunities (for example, increased revenue from products and services aligned with a lower-carbon economy; costs arising from physical damage to assets from climate events; and expenses associated with climate adaptation or mitigation).",Part,,Part,,
98dc85e7-b60b-4dd9-b842-b0793cf92c4d,Attribute,a1ecbe1a-7f08-4674-ba78-dda66fe85894,17,,,,,,,,"In providing quantitative information, an entity may disclose a single amount or a range.",,,,,
f4a4a54a-4315-4a11-b522-e8cc5c30fdae,Group,a1ecbe1a-7f08-4674-ba78-dda66fe85894,18,,,,,,,,"In preparing disclosures about the anticipated financial effects of a climate-related risk or opportunity, an entity shall:",,,,,
59870103-1cdd-4af5-a259-0342cd2352b4,Attribute,f4a4a54a-4315-4a11-b522-e8cc5c30fdae,(a),,,,,,,,use all reasonable and supportable information that is available to the entity at the reporting date without undue cost or effort; and,,,,,
a2db4b41-db59-419a-a5b8-3bb2043fc136,Attribute,f4a4a54a-4315-4a11-b522-e8cc5c30fdae,(b),,,,,,,,"use an approach that is commensurate with the skills, capabilities and resources that are available to the entity for preparing those disclosures.",,,,,
565de3b3-c2ad-4913-b711-494a97218094,Group,a1ecbe1a-7f08-4674-ba78-dda66fe85894,19,,,,,,,,An entity need not provide quantitative information about the current or anticipated financial effects of a climate-related risk or opportunity if the entity determines that:,,,,,
c90d6a41-c36b-4249-a301-3ca07779db6b,Attribute,565de3b3-c2ad-4913-b711-494a97218094,(a),,,,,,,,those effects are not separately identifiable; or,,,,,
1b617110-fee5-46ba-b029-7a756c4c2d7a,Attribute,565de3b3-c2ad-4913-b711-494a97218094,(b),,,,,,,,the level of measurement uncertainty involved in estimating those effects is so high that the resulting quantitative information would not be useful.,,,,,
c689cca7-10e6-470f-9e3b-c0a6a0b24081,Attribute,a1ecbe1a-7f08-4674-ba78-dda66fe85894,20,,,,,,,,"In addition, an entity need not provide quantitative information about the anticipated financial effects of a climate-related risk or opportunity if the entity does not have the skills, capabilities or resources to provide that quantitative information.",,,,,
8f98ba9d-579f-4375-af24-cf5bd109e4d0,Group,a1ecbe1a-7f08-4674-ba78-dda66fe85894,21,,,,,,,,"If an entity determines that it need not provide quantitative information about the current or anticipated financial effects of a climate-related risk or opportunity applying the criteria set out in paragraphs 19⁠–⁠20, the entity shall:",,,,,
39bb3b2a-99ae-406f-b67a-872313b335cf,Attribute,8f98ba9d-579f-4375-af24-cf5bd109e4d0,(a),,,,,,,,explain why it has not provided quantitative information;,,,,,
8ed07d34-a0ad-4a5a-a3e6-921c488a1d28,Attribute,8f98ba9d-579f-4375-af24-cf5bd109e4d0,(b),,,,,,,,"provide qualitative information about those financial effects, including identifying line items, totals and subtotals within the related financial statements that are likely to be affected, or have been affected, by that climate-related risk or opportunity; and",,,,,
c2841428-0c5b-4650-9581-e0547434e626,Attribute,8f98ba9d-579f-4375-af24-cf5bd109e4d0,(c),,,,,,,,provide quantitative information about the combined financial effects of that climate-related risk or opportunity with other climate-related risks or opportunities and other factors unless the entity determines that quantitative information about the combined financial effects would not be useful.,,,,,
977e7dc3-8e28-4c9a-a61c-f483097f75ef,Group,ba4009b1-6a40-4ab1-ad33-4507c56632c2,Climate resilience,,,,,,,,,,,,,
1d5af0f0-822e-44ec-bbd3-ad5f40e0a7e0,Group,977e7dc3-8e28-4c9a-a61c-f483097f75ef,22,,,,,,,,"An entity shall disclose information that enables users of general purpose financial reports to understand the resilience of the entity’s strategy and business model to climate-related changes, developments and uncertainties, taking into consideration the entity’s identified climate-related risks and opportunities. The entity shall use climate-related scenario analysis to assess its climate resilience using an approach that is commensurate with the entity’s circumstances (see paragraphs B1⁠–⁠B18). In providing quantitative information, the entity may disclose a single amount or a range. Specifically, the entity shall disclose:",,,,,
4072ca27-fc3a-444a-8735-d0a581ba712a,Group,1d5af0f0-822e-44ec-bbd3-ad5f40e0a7e0,(a),da55528d-bf4c-4ae4-b282-f6b353140967,,,,,,,"the entity’s assessment of its climate resilience as at the reporting date, which shall enable users of general purpose financial reports to understand:",Part,,Yes,,
a3e1a315-fab8-4f92-8f7b-63ddf29cc997,Attribute,4072ca27-fc3a-444a-8735-d0a581ba712a,(i),,,,,,,,"the implications, if any, of the entity’s assessment for its strategy and business model, including how the entity would need to respond to the effects identified in the climate-related scenario analysis;",,,,,
41d7f56d-47e8-48db-b935-41124a8d7082,Attribute,4072ca27-fc3a-444a-8735-d0a581ba712a,(ii),,,,,,,,the significant areas of uncertainty considered in the entity’s assessment of its climate resilience;,,,,,
46d04b0a-e7b5-4d35-9b73-03576cf7b07d,Group,4072ca27-fc3a-444a-8735-d0a581ba712a,(iii),,,,,,,,"the entity’s capacity to adjust or adapt its strategy and business model to climate change over the short, medium and long term, including;",,,,,
d21d21de-5f3b-42c9-a3eb-089c1ee6ee6b,Attribute,46d04b0a-e7b5-4d35-9b73-03576cf7b07d,-1,,,,,,,,"the availability of, and flexibility in, the entity’s existing financial resources to respond to the effects identified in the climate-related scenario analysis, including to address climate-related risks and to take advantage of climate-related opportunities;",,,,,
1f3ccd83-e68a-4b80-89ab-9ed9af03461b,Attribute,46d04b0a-e7b5-4d35-9b73-03576cf7b07d,-2,,,,,,,,"the entity’s ability to redeploy, repurpose, upgrade or decommission existing assets; and",,,,,
de2ebc5c-f67c-4c93-a34d-32d787570844,Attribute,46d04b0a-e7b5-4d35-9b73-03576cf7b07d,-3,,,,,,,,"the effect of the entity’s current and planned investments in climate-related mitigation, adaptation and opportunities for climate resilience; and",,,,,
1d04fd1b-dd09-4574-a9d6-0adedcba46f5,Group,1d5af0f0-822e-44ec-bbd3-ad5f40e0a7e0,(b),da55528d-bf4c-4ae4-b282-f6b353140967,,,,,,,"how and when the climate-related scenario analysis was carried out, including:",Part,,Yes,,
982bdb0a-c286-401f-a366-2f19cd16aa38,Group,1d04fd1b-dd09-4574-a9d6-0adedcba46f5,(i),,,,,,,,"information about the inputs the entity used, including:",,,,,
d6969a39-51e7-4730-ab4d-db1d73f52162,Attribute,982bdb0a-c286-401f-a366-2f19cd16aa38,-1,,,,,,,,which climate-related scenarios the entity used for the analysis and the sources of those scenarios;,,,,,
4f38efe7-2c90-4484-b0aa-2b236ce3bcdf,Attribute,982bdb0a-c286-401f-a366-2f19cd16aa38,-2,,,,,,,,whether the analysis included a diverse range of climate-related scenarios;,,,,,
0ab17317-ccb5-464c-b815-4d98c1df1fc1,Attribute,982bdb0a-c286-401f-a366-2f19cd16aa38,-3,,,,,,,,whether the climate-related scenarios used for the analysis are associated with climate-related transition risks or climate-related physical risks;,,,,,
3805b10f-3c9f-4359-be30-cd7121590cfb,Attribute,982bdb0a-c286-401f-a366-2f19cd16aa38,-4,,,,,,,,"whether the entity used, among its scenarios, a climate-related scenario aligned with the latest international agreement on climate change;",,,,,
21463bc0-17d1-4895-818a-4ca83f7cc467,Attribute,982bdb0a-c286-401f-a366-2f19cd16aa38,-5,,,,,,,,"why the entity decided that its chosen climate-related scenarios are relevant to assessing its resilience to climate-related changes, developments or uncertainties;",,,,,
8157d4ca-ceab-4934-8539-580942fa70c9,Attribute,982bdb0a-c286-401f-a366-2f19cd16aa38,-6,,,,,,,,the time horizons the entity used in the analysis; and,,,,,
f1f1c0c4-bf52-4d29-ad3e-527b8596510b,Attribute,982bdb0a-c286-401f-a366-2f19cd16aa38,-7,,,,,,,,"what scope of operations the entity used in the analysis (for example, the operating locations and business units used in the analysis);",,,,,
8d0626ba-0890-482f-b607-e9d6b88ba116,Group,1d04fd1b-dd09-4574-a9d6-0adedcba46f5,(ii),,,,,,,,"the key assumptions the entity made in the analysis, including assumptions about:",,,,,
8610a1b0-8456-4b15-9260-60ccf7f0cb9b,Attribute,8d0626ba-0890-482f-b607-e9d6b88ba116,-1,,,,,,,,climate-related policies in the jurisdictions in which the entity operates;,,,,,
5b071fe2-6f34-4fad-8dae-d58ba66851c5,Attribute,8d0626ba-0890-482f-b607-e9d6b88ba116,-2,,,,,,,,macroeconomic trends;,,,,,
0e19476b-bb73-4203-886d-7d0dba968375,Attribute,8d0626ba-0890-482f-b607-e9d6b88ba116,-3,,,,,,,,"national- or regional-level variables (for example, local weather patterns, demographics, land use, infrastructure and availability of natural resources);",,,,,
843d3984-8b5b-4556-9d69-748259b17bc7,Attribute,8d0626ba-0890-482f-b607-e9d6b88ba116,-4,,,,,,,,energy usage and mix; and,,,,,
25d3a7cc-b838-4d31-b3e9-c0cadf164e5d,Attribute,8d0626ba-0890-482f-b607-e9d6b88ba116,-5,,,,,,,,developments in technology; and,,,,,
d3396d1e-97a4-4bf5-b1ca-58adab354740,Attribute,1d04fd1b-dd09-4574-a9d6-0adedcba46f5,(iii),,,,,,,,the reporting period in which the climate-related scenario analysis was carried out (see paragraph B18).,,,,,
60a8c3c4-9f5a-4714-a21b-616a949d1ad2,Attribute,ba4009b1-6a40-4ab1-ad33-4507c56632c2,23,,,,,,,,"In preparing disclosures to meet the requirements in paragraphs 13⁠–⁠22, an entity shall refer to and consider the applicability of cross-industry metric categories, as described in paragraph 29, and industry-based metrics associated with disclosure topics defined in the Industry-based Guidance on Implementing IFRS S2 as described in paragraph 32.",,,,,
e579ae2a-dc3a-43e5-a0c3-31fc3f18babd,Object,5995bdb5-0b8d-4a23-88a6-c41f3f4c9032,Risk management,,,,,,,,,,,,,
0bab7143-3705-400b-8464-5dfc826896a1,Attribute,e579ae2a-dc3a-43e5-a0c3-31fc3f18babd,24,,,,,,,,"The objective of climate-related financial disclosures on risk management is to enable users of general purpose financial reports to understand an entity’s processes to identify, assess, prioritise and monitor climate-related risks and opportunities, including whether and how those processes are integrated into and inform the entity’s overall risk management process.",,,,,
6cab5ea1-ff0c-472c-981c-98a71acdac5c,Group,e579ae2a-dc3a-43e5-a0c3-31fc3f18babd,25,a5fc600a-acea-475a-beaf-b46c89836708,,,,,,,"To achieve this objective, an entity shall disclose information about:",Part,Yes,Part,,
a0800eb3-dd56-4301-ba86-9dabee10e45c,Group,6cab5ea1-ff0c-472c-981c-98a71acdac5c,(a),a5fc600a-acea-475a-beaf-b46c89836708,,,,,,,"the processes and related policies the entity uses to identify, assess, prioritise and monitor climate-related risks, including information about:",Part,Part,Part,,
3886d810-a2b2-48dd-8663-754b4a96d6e1,Attribute,a0800eb3-dd56-4301-ba86-9dabee10e45c,(i),,,,,,,,"the inputs and parameters the entity uses (for example, information about data sources and the scope of operations covered in the processes);",,,,,
e2fc9233-cd91-4d98-9b15-43b82e32babb,Attribute,a0800eb3-dd56-4301-ba86-9dabee10e45c,(ii),,,,,,,,whether and how the entity uses climate-related scenario analysis to inform its identification of climate-related risks;,,,,,
7f370989-74fa-4a9b-ae03-2ff036b5fc87,Attribute,a0800eb3-dd56-4301-ba86-9dabee10e45c,(iii),,,,,,,,"how the entity assesses the nature, likelihood and magnitude of the effects of those risks (for example, whether the entity considers qualitative factors, quantitative thresholds or other criteria);",,,,,
fb29fbac-010e-49e7-a195-d241905046fa,Attribute,a0800eb3-dd56-4301-ba86-9dabee10e45c,(iv),,,,,,,,whether and how the entity prioritises climate-related risks relative to other types of risk;,,,,,
cd0eb74c-e5e9-440c-b979-279bf51095d1,Attribute,a0800eb3-dd56-4301-ba86-9dabee10e45c,(v),a5fc600a-acea-475a-beaf-b46c89836708,,,,,,,how the entity monitors climate-related risks; and,Yes,Yes,Part,,
e49f87a8-1a4f-47c0-b7c8-2dcedb24b599,Attribute,a0800eb3-dd56-4301-ba86-9dabee10e45c,(vi),,,,,,,,whether and how the entity has changed the processes it uses compared with the previous reporting period;,,,,,
33f91fe1-eaf9-4df5-ad83-50e13f1f0e4d,Attribute,6cab5ea1-ff0c-472c-981c-98a71acdac5c,(b),a5fc600a-acea-475a-beaf-b46c89836708,,,,,,,"the processes the entity uses to identify, assess, prioritise and monitor climate-related opportunities, including information about whether and how the entity uses climate-related scenario analysis to inform its identification of climate-related opportunities; and",,,Yes,,
5d9dfb50-2248-4e83-a919-8f7c31a7e4eb,Attribute,6cab5ea1-ff0c-472c-981c-98a71acdac5c,(c),a5fc600a-acea-475a-beaf-b46c89836708,,,,,,,"the extent to which, and how, the processes for identifying, assessing, prioritising and monitoring climate-related risks and opportunities are integrated into and inform the entity’s overall risk management process.",Yes,Yes,Yes,,
852fb0f8-9f67-451a-a25b-8f45dddee95c,Attribute,e579ae2a-dc3a-43e5-a0c3-31fc3f18babd,26,,,,,,,,"In preparing disclosures to fulfil the requirements in paragraph 25, an entity shall avoid unnecessary duplication in accordance with IFRS S1 (see paragraph B42(b) of IFRS S1). For example, although an entity shall provide the information required by paragraph 25, if oversight of sustainability-related risks and opportunities is managed on an integrated basis, the entity would avoid duplication by providing integrated risk management disclosures instead of separate disclosures for each sustainability-related risk and opportunity.",,,,,
b27a3be6-6fd7-4282-a681-7bd9085b9962,Object,5995bdb5-0b8d-4a23-88a6-c41f3f4c9032,Metrics and targets,,,,,,,,,,,,,
573c02dc-9b8b-4a79-80c7-dbb7676165c6,Attribute,b27a3be6-6fd7-4282-a681-7bd9085b9962,27,,,,,,,,"The objective of climate-related financial disclosures on metrics and targets is to enable users of general purpose financial reports to understand an entity’s performance in relation to its climate-related risks and opportunities, including progress towards any climate-related targets it has set, and any targets it is required to meet by law or regulation.",,,,,
5c7f50d6-ad29-4917-a297-10fd7dd7e535,Group,b27a3be6-6fd7-4282-a681-7bd9085b9962,28,,,,,,,,"To achieve this objective, an entity shall disclose:",,,,,
bea03afb-534d-4592-992c-dbc533a7ff3e,Attribute,5c7f50d6-ad29-4917-a297-10fd7dd7e535,(a),,,,,,,,information relevant to the cross-industry metric categories (see paragraphs 29⁠–⁠31);,,,,,
8d403d96-4e0a-46c4-9d2d-565d7a7172d9,Attribute,5c7f50d6-ad29-4917-a297-10fd7dd7e535,(b),,,,,,,,"industry-based metrics that are associated with particular business models, activities or other common features that characterise participation in an industry (see paragraph 32); and",,,,,
ccec9ee9-dca4-4c2f-81f7-cba86fc464e8,Attribute,5c7f50d6-ad29-4917-a297-10fd7dd7e535,(c),,,,,,,,"targets set by the entity, and any targets it is required to meet by law or regulation, to mitigate or adapt to climate-related risks or take advantage of climate-related opportunities, including metrics used by the governance body or management to measure progress towards these targets (see paragraphs 33⁠–⁠37).",,,,,
3fdd556a-1c47-4f7b-ba5a-7ff09eabb260,Group,b27a3be6-6fd7-4282-a681-7bd9085b9962,Climate-related metrics,,,,,,,,,,,,,
94f32109-003e-4dcb-8697-02b9a263b442,Group,3fdd556a-1c47-4f7b-ba5a-7ff09eabb260,29,,,,,,,,An entity shall disclose information relevant to the cross-industry metric categories of:,,,,,
d6613709-5e80-4377-be4c-7e0b94b69d6a,Group,94f32109-003e-4dcb-8697-02b9a263b442,(a),,,,,,,,greenhouse gases—the entity shall:,,,,,
a8c4189f-8ebf-489d-a147-2fd94749e92d,Group,d6613709-5e80-4377-be4c-7e0b94b69d6a,(i),,,,,,,,"disclose its absolute gross greenhouse gas emissions generated during the reporting period, expressed as metric tonnes of CO2 equivalent (see paragraphs B19⁠–⁠B22), classified as:",Yes,Part,Yes,,
5752ed33-da99-4e22-ab4a-0e3e7dfd87c7,Attribute,a8c4189f-8ebf-489d-a147-2fd94749e92d,-1,,,,,,,,Scope 1 greenhouse gas emissions;,,,,,
d118e11e-119b-4a5a-9ab3-ae333d3b998e,Attribute,a8c4189f-8ebf-489d-a147-2fd94749e92d,-2,,,,,,,,Scope 2 greenhouse gas emissions; and,,,,,
ca72a47b-7f99-452f-adfa-ae7a4a195326,Attribute,a8c4189f-8ebf-489d-a147-2fd94749e92d,-3,,,,,,,,Scope 3 greenhouse gas emissions;,,,,,
4dd24cc5-1635-43fb-867f-0bd9717ed0f0,Attribute,d6613709-5e80-4377-be4c-7e0b94b69d6a,(ii),,,,,,,,measure its greenhouse gas emissions in accordance with the Greenhouse Gas Protocol: A Corporate Accounting and Reporting Standard (2004) unless required by a jurisdictional authority or an exchange on which the entity is listed to use a different method for measuring its greenhouse gas emissions (see paragraphs B23⁠–⁠B25);,,,,,
13dab041-9cfb-44cd-b4ff-5f3b7f12a78c,Group,d6613709-5e80-4377-be4c-7e0b94b69d6a,(iii),,,,,,,,disclose the approach it uses to measure its greenhouse gas emissions (see paragraphs B26⁠–⁠B29) including:,,,,,
50188e3a-33f8-4682-b089-a2c2aade0376,Attribute,13dab041-9cfb-44cd-b4ff-5f3b7f12a78c,-1,,,,,,,,"the measurement approach, inputs and assumptions the entity uses to measure its greenhouse gas emissions;",,,,,
6bd9f416-3d34-4681-915e-341b62663920,Attribute,13dab041-9cfb-44cd-b4ff-5f3b7f12a78c,-2,,,,,,,,"the reason why the entity has chosen the measurement approach, inputs and assumptions it uses to measure its greenhouse gas emissions; and",,,,,
842668b3-0386-43e3-90f9-1fc5bb2dd9e5,Attribute,13dab041-9cfb-44cd-b4ff-5f3b7f12a78c,-3,,,,,,,,"any changes the entity made to the measurement approach, inputs and assumptions during the reporting period and the reasons for those changes;",,,,,
e0cc383e-edff-4f41-b5a2-dddb42e277dc,Group,d6613709-5e80-4377-be4c-7e0b94b69d6a,(iv),,,,,,,,"for Scope 1 and Scope 2 greenhouse gas emissions disclosed in accordance with paragraph 29(a)(i)(1)⁠–⁠(2), disaggregate emissions between:",,,,,
74f97bde-19c8-4cbc-85fd-66957af1f4c4,Attribute,e0cc383e-edff-4f41-b5a2-dddb42e277dc,-1,,,,,,,,"the consolidated accounting group (for example, for an entity applying IFRS Accounting Standards, this group would comprise the parent and its consolidated subsidiaries); and",,,,,
d73b6404-1888-43ab-a20b-56e2da2577fd,Attribute,e0cc383e-edff-4f41-b5a2-dddb42e277dc,-2,,,,,,,,"other investees excluded from paragraph 29(a)(iv)(1) (for example, for an entity applying IFRS Accounting Standards, these investees would include associates, joint ventures and unconsolidated subsidiaries);",,,,,
38f47673-ff67-424c-9c48-7c1a2d6e3bf0,Attribute,d6613709-5e80-4377-be4c-7e0b94b69d6a,(v),,,,,,,,"for Scope 2 greenhouse gas emissions disclosed in accordance with paragraph 29(a)(i)(2), disclose its location-based Scope 2 greenhouse gas emissions, and provide information about any contractual instruments that is necessary to inform users’ understanding of the entity’s Scope 2 greenhouse gas emissions (see paragraphs B30⁠–⁠B31); and",,,,,
8de73ce5-b602-4519-a9dd-adbcbe607ed5,Group,d6613709-5e80-4377-be4c-7e0b94b69d6a,(vi),,,,,,,,"for Scope 3 greenhouse gas emissions disclosed in accordance with paragraph 29(a)(i)(3), and with reference to paragraphs B32⁠–⁠B57, disclose:",Yes,Part,Yes,,
223681e0-ef32-464a-8db5-a9304fa43d1d,Attribute,8de73ce5-b602-4519-a9dd-adbcbe607ed5,-1,,,,,,,,"the categories included within the entity’s measure of Scope 3 greenhouse gas emissions, in accordance with the Scope 3 categories described in the Greenhouse Gas Protocol Corporate Value Chain (Scope 3) Accounting and Reporting Standard (2011); and",,,,,
a8c78967-62be-4e39-96c7-108ac816b8ad,Attribute,8de73ce5-b602-4519-a9dd-adbcbe607ed5,-2,,,,,,,,"additional information about the entity’s Category 15 greenhouse gas emissions or those associated with its investments (financed emissions), if the entity’s activities include asset management, commercial banking or insurance (see paragraphs B58⁠–⁠B63);",,,,,
9f39b85f-a8ac-426c-b172-b530ca5eebd7,Attribute,94f32109-003e-4dcb-8697-02b9a263b442,(b),,,,,,,,climate-related transition risks—the amount and percentage of assets or business activities vulnerable to climate-related transition risks;,Yes,Part,,,
32d70050-82fe-4fae-aadf-c88c155d1b40,Attribute,94f32109-003e-4dcb-8697-02b9a263b442,(c),,,,,,,,climate-related physical risks—the amount and percentage of assets or business activities vulnerable to climate-related physical risks;,Yes,Yes,,,
db0e2822-18dc-451c-9bc3-47cf3841d7e9,Attribute,94f32109-003e-4dcb-8697-02b9a263b442,(d),,,,,,,,climate-related opportunities—the amount and percentage of assets or business activities aligned with climate-related opportunities;,Yes,Part,,,
491535d8-4534-4efb-8a05-18fe16a93f58,Attribute,94f32109-003e-4dcb-8697-02b9a263b442,(e),4c2d5f5e-9f34-4751-8c0b-484b5fb1756d,,,,,,,"capital deployment—the amount of capital expenditure, financing or investment deployed towards climate-related risks and opportunities;",Yes,,Part,,
ca26682f-936c-4335-9b67-5fed8dee91f9,Group,94f32109-003e-4dcb-8697-02b9a263b442,(f),d7046313-f863-4e26-b740-3a2e5c6d3e07,,,,,,,internal carbon prices—the entity shall disclose:,Yes,,Yes,,
fa32cd09-4dac-4062-b581-976f507693fc,Attribute,ca26682f-936c-4335-9b67-5fed8dee91f9,(i),,,,,,,,"an explanation of whether and how the entity is applying a carbon price in decision-making (for example, investment decisions, transfer pricing and scenario analysis); and",,,,,
398815d9-32ee-43ce-8681-5d4f04fe1027,Attribute,ca26682f-936c-4335-9b67-5fed8dee91f9,(ii),,,,,,,,the price for each metric tonne of greenhouse gas emissions the entity uses to assess the costs of its greenhouse gas emissions;,,,,,
e09d9339-8852-4389-97a1-e65e63d72f80,Group,94f32109-003e-4dcb-8697-02b9a263b442,(g),,,,,,,,remuneration—the entity shall disclose:,Yes,,,,
ea3d2288-f1dd-4367-b608-d5775892316b,Attribute,e09d9339-8852-4389-97a1-e65e63d72f80,(i),,,,,,,,a description of whether and how climate-related considerations are factored into executive remuneration (see also paragraph 6(a)(v)); and,,,,,
9419f1ba-b033-4047-a99a-3a3bb6469377,Attribute,e09d9339-8852-4389-97a1-e65e63d72f80,(ii),,,,,,,,the percentage of executive management remuneration recognised in the current period that is linked to climate-related considerations.,,,,,
4605cb5e-1585-41de-9c49-3b0a3e54a8ac,Attribute,3fdd556a-1c47-4f7b-ba5a-7ff09eabb260,30,,,,,,,,"In preparing disclosures to meet the requirements in paragraph 29(b)⁠–⁠(d), an entity shall use all reasonable and supportable information that is available to the entity at the reporting date without undue cost or effort.",,,,,
01e4a277-1b16-4b82-9a06-79968a24be9c,Attribute,3fdd556a-1c47-4f7b-ba5a-7ff09eabb260,31,,,,,,,,"In preparing disclosures to meet the requirements in paragraph 29(b)⁠–⁠(g), an entity shall refer to paragraphs B64⁠–⁠B65.",,,,,
77366124-cd88-4237-b441-f2328d258ea7,Attribute,3fdd556a-1c47-4f7b-ba5a-7ff09eabb260,32,,,,,,,,"An entity shall disclose industry-based metrics that are associated with one or more particular business models, activities or other common features that characterise participation in an industry. In determining the industry-based metrics that the entity discloses, the entity shall refer to and consider the applicability of the industry-based metrics associated with disclosure topics described in the Industry-based Guidance on Implementing IFRS S2.",,,,,
e2b2567e-3eb8-4e85-88a1-6f071e07467d,Group,b27a3be6-6fd7-4282-a681-7bd9085b9962,Climate-related targets,,,,,,,,,,,,,
8a187c13-8b85-46b6-aadc-8d0bf3d7a29f,Group,e2b2567e-3eb8-4e85-88a1-6f071e07467d,33,,,,,,,,"An entity shall disclose the quantitative and qualitative climate-related targets it has set to monitor progress towards achieving its strategic goals, and any targets it is required to meet by law or regulation, including any greenhouse gas emissions targets. For each target, the entity shall disclose:",Yes,Yes,,,
bb24b93a-6144-4ed2-9945-74f6f2458d6f,Attribute,8a187c13-8b85-46b6-aadc-8d0bf3d7a29f,(a),,,,,,,,the metric used to set the target (see paragraphs B66⁠–⁠B67);,Yes,Part,Yes,,
76d50689-aa56-4afb-9173-d3871a5fd5ec,Attribute,8a187c13-8b85-46b6-aadc-8d0bf3d7a29f,(b),,,,,,,,"the objective of the target (for example, mitigation, adaptation or conformance with science-based initiatives);",,Part,,,
c6147e83-5e67-400a-b35a-0ef765d89a97,Attribute,8a187c13-8b85-46b6-aadc-8d0bf3d7a29f,(c),,,,,,,,"the part of the entity to which the target applies (for example, whether the target applies to the entity in its entirety or only a part of the entity, such as a specific business unit or specific geographical region);",,,,,
f6975ba0-6ced-4931-a8f6-c5d346ae74c2,Attribute,8a187c13-8b85-46b6-aadc-8d0bf3d7a29f,(d),,,,,,,,the period over which the target applies;,Yes,Part,Yes,,
a8f71bbf-b5dc-46ef-b6ae-267d3acdc04e,Attribute,8a187c13-8b85-46b6-aadc-8d0bf3d7a29f,(e),,,,,,,,the base period from which progress is measured;,Yes,Part,Yes,,
2af350e2-cdb2-431d-b8e2-edab9c1cf234,Attribute,8a187c13-8b85-46b6-aadc-8d0bf3d7a29f,(f),,,,,,,,any milestones and interim targets;,Yes,Part,Yes,,
3e3f7e50-c9fc-4a97-a3ab-d7bd8e35b31b,Attribute,8a187c13-8b85-46b6-aadc-8d0bf3d7a29f,(g),,,,,,,,"if the target is quantitative, whether it is an absolute target or an intensity target; and",Yes,Part,Yes,,
cbb6142a-d8d3-433b-9157-3dec1ace7128,Attribute,8a187c13-8b85-46b6-aadc-8d0bf3d7a29f,(h),,,,,,,,"how the latest international agreement on climate change, including jurisdictional commitments that arise from that agreement, has informed the target.",,Part,,,
03aea7a2-5427-4a38-b46e-7a5decda4df5,Group,e2b2567e-3eb8-4e85-88a1-6f071e07467d,34,,,,,,,,"An entity shall disclose information about its approach to setting and reviewing each target, and how it monitors progress against each target, including:",,,,,
b795dd79-bfc2-42ac-aea0-0f7b3a0d0607,Attribute,03aea7a2-5427-4a38-b46e-7a5decda4df5,(a),,,,,,,,whether the target and the methodology for setting the target has been validated by a third party;,,,,,
0e495b77-4859-4889-9eec-1ce024d05f09,Attribute,03aea7a2-5427-4a38-b46e-7a5decda4df5,(b),,,,,,,,the entity’s processes for reviewing the target;,,,,,
9f3b4241-2dbc-4da1-b4fb-20aeb3d2cc23,Attribute,03aea7a2-5427-4a38-b46e-7a5decda4df5,(c),,,,,,,,the metrics used to monitor progress towards reaching the target; and,,,,,
ad6e9006-8bfe-494f-ad29-482db2ec1f31,Attribute,03aea7a2-5427-4a38-b46e-7a5decda4df5,(d),,,,,,,,any revisions to the target and an explanation for those revisions.,,,,,
5a0cdc74-09f5-4767-b831-43b77e2629f1,Attribute,e2b2567e-3eb8-4e85-88a1-6f071e07467d,35,,,,,,,,An entity shall disclose information about its performance against each climate-related target and an analysis of trends or changes in the entity’s performance.,,,,,
408cb03b-f2e7-4db1-95cb-c037eed433dd,Group,e2b2567e-3eb8-4e85-88a1-6f071e07467d,36,,,,,,,,"For each greenhouse gas emissions target disclosed in accordance with paragraphs 33⁠–⁠35, an entity shall disclose:",,,,,
c3475294-6fe9-4249-814c-6e9f826e2689,Attribute,408cb03b-f2e7-4db1-95cb-c037eed433dd,(a),,,,,,,,which greenhouse gases are covered by the target.,,,,,
528178cf-79ef-4405-8f07-fcacf483c104,Attribute,408cb03b-f2e7-4db1-95cb-c037eed433dd,(b),,,,,,,,"whether Scope 1, Scope 2 or Scope 3 greenhouse gas emissions are covered by the target.",,,,,
1203f4af-1816-42d4-99ac-41be57d132af,Attribute,408cb03b-f2e7-4db1-95cb-c037eed433dd,(c),,,,,,,,"whether the target is a gross greenhouse gas emissions target or net greenhouse gas emissions target. If the entity discloses a net greenhouse gas emissions target, the entity is also required to separately disclose its associated gross greenhouse gas emissions target (see paragraphs B68⁠–⁠B69).",,,,,
51f9f59d-bfb1-4adc-a2fa-d25bab39cce3,Attribute,408cb03b-f2e7-4db1-95cb-c037eed433dd,(d),,,,,,,,whether the target was derived using a sectoral decarbonisation approach.,,,,,
ced78bca-998f-4b6c-84d8-f71e098ce237,Group,408cb03b-f2e7-4db1-95cb-c037eed433dd,(e),,,,,,,,"the entity’s planned use of carbon credits to offset greenhouse gas emissions to achieve any net greenhouse gas emissions target. In explaining its planned use of carbon credits the entity shall disclose information including, and with reference to paragraphs B70⁠–⁠B71:",,,,,
a78d4ab9-5fca-4729-b95e-b43f8ceb8007,Attribute,ced78bca-998f-4b6c-84d8-f71e098ce237,(i),,,,,,,,"the extent to which, and how, achieving any net greenhouse gas emissions target relies on the use of carbon credits;",,,,,
9ce33b48-4bde-4e6b-877b-c4ed254847c1,Attribute,ced78bca-998f-4b6c-84d8-f71e098ce237,(ii),,,,,,,,which third-party scheme(s) will verify or certify the carbon credits;,,,,,
a3dd726b-2a0c-4689-8094-f6767cb374b2,Attribute,ced78bca-998f-4b6c-84d8-f71e098ce237,(iii),,,,,,,,"the type of carbon credit, including whether the underlying offset will be nature-based or based on technological carbon removals, and whether the underlying offset is achieved through carbon reduction or removal; and",,,,,
a0a0251a-c16a-4ed5-b4fd-2f69abc15736,Attribute,ced78bca-998f-4b6c-84d8-f71e098ce237,(iv),,,,,,,,"any other factors necessary for users of general purpose financial reports to understand the credibility and integrity of the carbon credits the entity plans to use (for example, assumptions regarding the permanence of the carbon offset).",,,,,
b674c3bb-03bb-40b3-a94b-1eab3fca1e8b,Attribute,e2b2567e-3eb8-4e85-88a1-6f071e07467d,37,,,,,,,,"In identifying and disclosing the metrics used to set and monitor progress towards reaching a target described in paragraphs 33⁠–⁠34, an entity shall refer to and consider the applicability of cross-industry metrics (see paragraph 29) and industry-based metrics (see paragraph 32), including those described in an applicable IFRS Sustainability Disclosure Standard, or metrics that otherwise satisfy the requirements in IFRS S1.",,,,,
ae10df11-bd9b-4a34-9081-d2d909c168fe,Layer,,IFRS S2: Industry-based Guidance on implementing Climate-related Disclosures,,,,,,,,,,,,,
150516d0-4eeb-424c-87c9-39053f01b4c6,Object,ae10df11-bd9b-4a34-9081-d2d909c168fe,Volume 15: Asset Management & Custody Activities,,,,,,,,,,,,,
8edef6fb-af21-4076-bf4a-67b56a7f13f9,Attribute,150516d0-4eeb-424c-87c9-39053f01b4c6,FN-AC-410a.1,,,,,,,,"Amount of assets under management, by asset class, that employ (1) integration of environmental, social and governance (ESG) issues, (2) sustainability themed investing, and (3) screening",No,,,Part,
fec5264f-3234-4d79-9199-2cfe4ef19fce,Attribute,150516d0-4eeb-424c-87c9-39053f01b4c6,FN-AC-410a.2,"a5fc600a-acea-475a-beaf-b46c89836708,48260b22-06f1-4729-a98e-3c2ac71a8a6c",,,,,,,"Description of approach to incorporation of environmental, social, and governance (ESG) factors in investment or wealth management processes and strategies",Part,Part,Part,Yes,
8a34f210-2ada-4dfb-af33-c2d12a46b66b,Attribute,150516d0-4eeb-424c-87c9-39053f01b4c6,FN-AC-410a.3,,,,,,,,Description of proxy voting and investee engagement policies and procedures,Part,,,Yes,
763f3e13-39b6-4f45-944b-0c1c005795d9,Attribute,150516d0-4eeb-424c-87c9-39053f01b4c6,FN-AC-000.A,,,,,,,,Total assets under management (AUM),No,,,Yes,
60b1fde7-c1c6-4e74-ad39-e6c1d1f04664,Attribute,150516d0-4eeb-424c-87c9-39053f01b4c6,FN-AC-000.B,,,,,,,,Total assets under custody and supervision,No,,,Yes,
053fbfec-8e1d-455f-baed-d7b9630e67d1,Object,ae10df11-bd9b-4a34-9081-d2d909c168fe,Volume 16: Commercial Banks,,,,,,,,,,,,,
7408249b-3541-4532-bbda-46dc1707012d,Attribute,053fbfec-8e1d-455f-baed-d7b9630e67d1,FN-CB-410a.2,"a5fc600a-acea-475a-beaf-b46c89836708,48260b22-06f1-4729-a98e-3c2ac71a8a6c",,,,,,,"Description of approach to incorporation of environmental, social, and governance (ESG) factors in credit analysis",No,Part,Part,Yes,
3f9aa2e4-039a-4cff-aa95-4a6401fdafd4,Attribute,053fbfec-8e1d-455f-baed-d7b9630e67d1,FN-CB-000.A,,,,,,,,(1) Number and (2) value of checking and savings accounrs by segment: (a) personal and (b) small business,No,,,Yes,
6aa9a990-db8f-4a54-8b69-5d2f2191702a,Attribute,053fbfec-8e1d-455f-baed-d7b9630e67d1,FN-CB-000.B,,,,,,,,"(1) Number and (2) value of loans by segment: (a) personal, (b) small business, and (c) corporate",No,,,Yes,
15b4243b-1f80-49a5-8b02-3823d1611f9d,Object,ae10df11-bd9b-4a34-9081-d2d909c168fe,Volume 17: Insurance,,,,,,,,,,,,,
0768f4e2-863e-4f46-b01e-ba37bf4f4c2d,Attribute,15b4243b-1f80-49a5-8b02-3823d1611f9d,FN-IN-410a.2,"a5fc600a-acea-475a-beaf-b46c89836708,48260b22-06f1-4729-a98e-3c2ac71a8a6c",,,,,,,"Description of approach to incorporation of environmental, social, and governance (ESG) factors in investment management processes and strategies",No,Part,Part,Yes,
7e402e97-a220-4b70-a570-78febb86986b,Attribute,15b4243b-1f80-49a5-8b02-3823d1611f9d,FN-IN-410b.1,48260b22-06f1-4729-a98e-3c2ac71a8a6c,,,,,,,Net premiums written related to energy efficiency and low carbon technology,No,,Part,Yes,
268843c7-e21e-4364-9c9b-358397a7bbe2,Attribute,15b4243b-1f80-49a5-8b02-3823d1611f9d,FN-IN-410b.2,48260b22-06f1-4729-a98e-3c2ac71a8a6c,,,,,,,"Discussion of products or product features that incentivise health, safety, or environmentally responsible actions or behaviours",Part,,Part,Yes,
703642b9-0c26-4dfb-b90a-a6638a286283,Attribute,15b4243b-1f80-49a5-8b02-3823d1611f9d,FN-IN-450a.1,,,,,,,,Probable Maximum Loss (PML) of insured products from weather-related natural catastrophes,Part,,,Yes,
3c0b6a8e-1e36-4c2d-91ea-8ab70fd144d0,Attribute,15b4243b-1f80-49a5-8b02-3823d1611f9d,FN-IN-450a.2,,,,,,,,"Total amount of monetary losses attributable to insurance pay-outs from (1) modelled natural catastrophes and (2) non-modelled natural catastrophes, by type of event and geographical segment (net and gross of reinsurance)",No,,,Yes,
d3804730-6c68-4ceb-a2fd-1163fc98b9be,Attribute,15b4243b-1f80-49a5-8b02-3823d1611f9d,FN-IN-450a.3,48260b22-06f1-4729-a98e-3c2ac71a8a6c,,,,,,,Description of approach to incorporation of environmental risks into (1) the underwriting process for individual contracts and (2) the management of entity-level risks and capital adequacy,Part,,Part,Yes,
a4eb686c-35d6-4faf-b3a3-fabb2ed63f79,Attribute,15b4243b-1f80-49a5-8b02-3823d1611f9d,FN-IN-000.A,,,,,,,,"Number of policies in force, by segment: (1) property and casualty, (2) life, (3) assumed reinsurance",No,,,Yes,
ec7d0f6a-bb97-40ff-aa61-c81fffe64e58,Object,ae10df11-bd9b-4a34-9081-d2d909c168fe,Volume 18: Investment Banking & Brokerage,,,,,,,,,,,,,
e8be7e7d-e402-404d-ab4e-693997e21628,Attribute,ec7d0f6a-bb97-40ff-aa61-c81fffe64e58,FN-IB-410a.1,"a5fc600a-acea-475a-beaf-b46c89836708,48260b22-06f1-4729-a98e-3c2ac71a8a6c",,,,,,,"Revenue from (1) underwriting, (2) advisory and (3) securitisation transactions incorporating integration of environmental, social and governance (ESG) factors, by industry",No,,Part,Part,
88652f7a-8154-4f09-92b7-780f7a47ccc6,Attribute,ec7d0f6a-bb97-40ff-aa61-c81fffe64e58,FN-IB-410a.2,"a5fc600a-acea-475a-beaf-b46c89836708,48260b22-06f1-4729-a98e-3c2ac71a8a6c",,,,,,,"(1) Number and (2) total value of investments and loans incorporating integration of environmental, social and governance (ESG) factors, by industry",No,,Part,Yes,
624b00f4-0014-4abc-8e84-ffd6125fc021,Attribute,ec7d0f6a-bb97-40ff-aa61-c81fffe64e58,FN-IB-410a.3,"a5fc600a-acea-475a-beaf-b46c89836708,48260b22-06f1-4729-a98e-3c2ac71a8a6c",,,,,,,"Description of approach to incorporation of environmental, social and governance (ESG) factors in investment banking and brokerage activities",No,Part,Part,Yes,
6c78b942-d4b0-4cd3-8052-b32eec0a9619,Attribute,ec7d0f6a-bb97-40ff-aa61-c81fffe64e58,FN-IB.000.A,,,,,,,,"(1) Number and (2) value of (a) underwriting, (b) advisory, and (c) securitisation transactions",No,,,Yes,
a4457778-4ba8-4860-9abc-c46af9456517,Attribute,ec7d0f6a-bb97-40ff-aa61-c81fffe64e58,FN-IB.000.B,,,,,,,,(1) Number and (2) value of proprietary investments and loans by sector,No,,,Yes,
b96a741c-7425-469a-8e10-bbcdff8de364,Attribute,ec7d0f6a-bb97-40ff-aa61-c81fffe64e58,FN-IB.000.C,,,,,,,,"(1) Number and (2) value of market making transactions in (a) fixed income, (b) equity, (c) currency, (d) derivatives, and (e) commodity products",No,,,Yes,
a2fead6c-f111-4b2b-a13c-2d55190e944a,Object,ae10df11-bd9b-4a34-9081-d2d909c168fe,Volume 19: Mortgage Finance,,,,,,,,,,,,,
10a9738a-11ff-484b-ac18-3978b178cf1c,Attribute,a2fead6c-f111-4b2b-a13c-2d55190e944a,FN-MF-450a.1,,,,,,,,(1) Number and (2) value of mortgage loans in 100-year flood zones,No,,,Part,
2158cdf2-295f-41fa-9ad6-e5dbe60f3632,Attribute,a2fead6c-f111-4b2b-a13c-2d55190e944a,FN-MF-450a.2,,,,,,,,"(1) Total expected loss and (2) Loss Given Default (LGD) attributable to mortgage loan default and delinquency because of weather-related natural catastrophes, by geographical region",No,Part,,Part,
458beb4b-d04e-41a7-abe3-8b13a349f296,Attribute,a2fead6c-f111-4b2b-a13c-2d55190e944a,FN-MF-450a.3,"a5fc600a-acea-475a-beaf-b46c89836708,48260b22-06f1-4729-a98e-3c2ac71a8a6c",,,,,,,Description of how climate change and other environmental risks are incorporated into mortgage origination and underwriting,No,Part,Part,Yes,
d9ec6ac2-6712-4780-b4aa-61ce8473adac,Attribute,a2fead6c-f111-4b2b-a13c-2d55190e944a,FN-MF-000.A,,,,,,,,(1) Number and (2) value of mortgages originated by category: (a) residential and (b) commercial,No,,,Yes,
dff87e34-40b3-4459-b1ba-b31ae43a547f,Attribute,a2fead6c-f111-4b2b-a13c-2d55190e944a,FN-MF-000.B,,,,,,,,(1) Number and (2) value of mortgages purchased by category: (a) residential and (b) commercial,No,,,Yes,
cd65e7e0-75d5-4aee-acc7-04a515f15086,Layer,,SEC Climate-related Disclosures,,,,,,,,,,,,,
76777e86-dd84-4f20-83aa-6aa7c4c30100,Object,cd65e7e0-75d5-4aee-acc7-04a515f15086,A. Overview of the Climate-Related Disclosure Framework,,,,,,,,,,,,,
f968db1c-0246-49f4-838b-86b98a0fa663,Attribute,76777e86-dd84-4f20-83aa-6aa7c4c30100,1. Proposed TCFD-Based Disclosure Framework,,,,,,,,See page 46 of the SEC proposed Rule on the Enhancement and Standardization of Climate-Related Disclosures for Investors,,,,,
8aa582d9-2e32-4251-82a8-d3402ba8968c,Attribute,76777e86-dd84-4f20-83aa-6aa7c4c30100,2. Location of the Climate-Related Disclosure,,,,,,,,See page 50 of the SEC proposed Rule on the Enhancement and Standardization of Climate-Related Disclosures for Investors,,,,,
4067552c-20e1-4d90-a0a8-32f8968ae338,Object,cd65e7e0-75d5-4aee-acc7-04a515f15086,B. Disclosure of Climate-Related Risks,,,,,,,,,,,,,
de216cdb-19b3-4032-a075-1eceba71526e,Attribute,4067552c-20e1-4d90-a0a8-32f8968ae338,1. Definitions of Climate-Related Risks and Climate-Related Opportunities,,"38aae54f-9b87-4e18-bba8-74119ce59226,b0bcb99f-1d35-4c5a-b595-519cc5d3c112,ffe9c960-6a14-4725-9477-d4fc741d75c3",,,,,,See page 56 of the SEC proposed Rule on the Enhancement and Standardization of Climate-Related Disclosures for Investors,,,,,
2722c1b1-8c38-4750-88d7-4fd80bcad204,Transition,,,de216cdb-19b3-4032-a075-1eceba71526e,38aae54f-9b87-4e18-bba8-74119ce59226,,,,,,,,,,,100
b6da926b-3bb8-4410-ab0f-01d9daa2ea7d,Transition,,,de216cdb-19b3-4032-a075-1eceba71526e,b0bcb99f-1d35-4c5a-b595-519cc5d3c112,,,,,,,,,,,100
5a4330f4-67b9-4976-bc35-b264b2bed56f,Transition,,,de216cdb-19b3-4032-a075-1eceba71526e,ffe9c960-6a14-4725-9477-d4fc741d75c3,,,,,,,,,,,100
c8ffaa4a-0b53-4560-98a5-1d7a3aef11bc,Attribute,4067552c-20e1-4d90-a0a8-32f8968ae338,2. Proposed Time Horizons and the Materiality Determination,,7cc85bf9-0794-4845-bbaa-9f4225bb41f5,,,,,,See page 63 of the SEC proposed Rule on the Enhancement and Standardization of Climate-Related Disclosures for Investors,,,,,
8ddd2e9d-7f22-428f-9f58-34dfe45971d2,Transition,,,c8ffaa4a-0b53-4560-98a5-1d7a3aef11bc,7cc85bf9-0794-4845-bbaa-9f4225bb41f5,,,,,,,,,,,100
3742edf9-8e82-4647-a1bf-f3c50e796d25,Object,cd65e7e0-75d5-4aee-acc7-04a515f15086,"C. Disclosure Regarding Climate-Related Impacts on Strategy, Business Model, and Outlook",,,,,,,,,,,,,
48260b22-06f1-4729-a98e-3c2ac71a8a6c,Attribute,3742edf9-8e82-4647-a1bf-f3c50e796d25,1. Disclosure of Material Impacts,,"38aae54f-9b87-4e18-bba8-74119ce59226,b0bcb99f-1d35-4c5a-b595-519cc5d3c112,ffe9c960-6a14-4725-9477-d4fc741d75c3,e874eea0-ac04-4d09-a366-d3d3d89f43a1,16e07e32-16af-4a8a-91f1-0102e2fd3cde,cf03bd31-6987-4e89-8157-9ef19fdc021a,06557a3b-6e2e-493a-989e-2b73fd638be9,e54b075c-7d7c-400a-9231-bda08ed68979,fec5264f-3234-4d79-9199-2cfe4ef19fce,7408249b-3541-4532-bbda-46dc1707012d,0768f4e2-863e-4f46-b01e-ba37bf4f4c2d,7e402e97-a220-4b70-a570-78febb86986b,268843c7-e21e-4364-9c9b-358397a7bbe2,d3804730-6c68-4ceb-a2fd-1163fc98b9be,e8be7e7d-e402-404d-ab4e-693997e21628,88652f7a-8154-4f09-92b7-780f7a47ccc6,624b00f4-0014-4abc-8e84-ffd6125fc021,458beb4b-d04e-41a7-abe3-8b13a349f296",,,,,,See page 72 of the SEC proposed Rule on the Enhancement and Standardization of Climate-Related Disclosures for Investors,,,,,
7fbeff23-4562-490e-86be-47c5c53ac4f9,Transition,,,48260b22-06f1-4729-a98e-3c2ac71a8a6c,38aae54f-9b87-4e18-bba8-74119ce59226,,,,,,,,,,,100
30e6880b-b0cf-433c-af0e-3cca873b2194,Transition,,,48260b22-06f1-4729-a98e-3c2ac71a8a6c,b0bcb99f-1d35-4c5a-b595-519cc5d3c112,,,,,,,,,,,100
3c650a07-5152-4666-997b-d0557da7cfde,Transition,,,48260b22-06f1-4729-a98e-3c2ac71a8a6c,ffe9c960-6a14-4725-9477-d4fc741d75c3,,,,,,,,,,,100
b4ee6dcf-733d-4562-9cbf-1bd610aa8053,Transition,,,48260b22-06f1-4729-a98e-3c2ac71a8a6c,e874eea0-ac04-4d09-a366-d3d3d89f43a1,,,,,,,,,,,100
cb000abe-e832-4f26-8150-4b90fa6848a6,Transition,,,48260b22-06f1-4729-a98e-3c2ac71a8a6c,16e07e32-16af-4a8a-91f1-0102e2fd3cde,,,,,,,,,,,100
78f7cda0-130f-49ff-aac8-64498799cda7,Transition,,,48260b22-06f1-4729-a98e-3c2ac71a8a6c,cf03bd31-6987-4e89-8157-9ef19fdc021a,,,,,,,,,,,100
f2885c20-0be2-43a1-a6a3-fb73feedfb28,Transition,,,48260b22-06f1-4729-a98e-3c2ac71a8a6c,06557a3b-6e2e-493a-989e-2b73fd638be9,,,,,,,,,,,100
4ce2df4d-c01b-4a05-8f26-ba0be359fddb,Transition,,,48260b22-06f1-4729-a98e-3c2ac71a8a6c,e54b075c-7d7c-400a-9231-bda08ed68979,,,,,,,,,,,100
a0d7a44c-e7ad-4295-91f0-07e2284dd42d,Transition,,,48260b22-06f1-4729-a98e-3c2ac71a8a6c,fec5264f-3234-4d79-9199-2cfe4ef19fce,,,,,,,,,,,100
2c1d49a7-55cc-4804-900d-e18f337c41e1,Transition,,,48260b22-06f1-4729-a98e-3c2ac71a8a6c,7408249b-3541-4532-bbda-46dc1707012d,,,,,,,,,,,100
2c0cb2a2-f778-4e24-9360-2b9eb86b1121,Transition,,,48260b22-06f1-4729-a98e-3c2ac71a8a6c,0768f4e2-863e-4f46-b01e-ba37bf4f4c2d,,,,,,,,,,,100
6657ba47-4692-4e80-a652-e34ae43444d8,Transition,,,48260b22-06f1-4729-a98e-3c2ac71a8a6c,7e402e97-a220-4b70-a570-78febb86986b,,,,,,,,,,,100
befd448a-1c35-42f3-b17f-8597d72c4e1c,Transition,,,48260b22-06f1-4729-a98e-3c2ac71a8a6c,268843c7-e21e-4364-9c9b-358397a7bbe2,,,,,,,,,,,100
36e8cc21-0aee-4dd4-9559-bc954d2a1813,Transition,,,48260b22-06f1-4729-a98e-3c2ac71a8a6c,d3804730-6c68-4ceb-a2fd-1163fc98b9be,,,,,,,,,,,100
c0c491bd-9188-44f4-98a4-33aaaccdd7e1,Transition,,,48260b22-06f1-4729-a98e-3c2ac71a8a6c,e8be7e7d-e402-404d-ab4e-693997e21628,,,,,,,,,,,
1a85e5e1-78f3-4c5a-a7a4-21be61167767,Transition,,,48260b22-06f1-4729-a98e-3c2ac71a8a6c,88652f7a-8154-4f09-92b7-780f7a47ccc6,,,,,,,,,,,
53ab4010-71b9-4f5b-854a-54efb51ab1bd,Transition,,,48260b22-06f1-4729-a98e-3c2ac71a8a6c,624b00f4-0014-4abc-8e84-ffd6125fc021,,,,,,,,,,,
83e96399-64a6-496b-a3f9-f6a53b9ffaf3,Transition,,,48260b22-06f1-4729-a98e-3c2ac71a8a6c,458beb4b-d04e-41a7-abe3-8b13a349f296,,,,,,,,,,,
cd2893f9-8e21-4753-899f-2b5efc7bb81e,Attribute,3742edf9-8e82-4647-a1bf-f3c50e796d25,2. Disclosure of Carbon Offsets or Renewable Energy Credits If Used,,,,,,,,See page 77 of the SEC proposed Rule on the Enhancement and Standardization of Climate-Related Disclosures for Investors,,,,,
d7046313-f863-4e26-b740-3a2e5c6d3e07,Attribute,3742edf9-8e82-4647-a1bf-f3c50e796d25,3. Disclosure of a Maintained Internal Carbon Price,,ca26682f-936c-4335-9b67-5fed8dee91f9,,,,,,See page 79 of the SEC proposed Rule on the Enhancement and Standardization of Climate-Related Disclosures for Investors,,,,,
0abd3ab3-4517-49b8-8c40-c0195bb430a7,Transition,,,d7046313-f863-4e26-b740-3a2e5c6d3e07,ca26682f-936c-4335-9b67-5fed8dee91f9,,,,,,,,,,,100
da55528d-bf4c-4ae4-b282-f6b353140967,Attribute,3742edf9-8e82-4647-a1bf-f3c50e796d25,"4. Disclosure of Scenario Analysis, if Used",,"4072ca27-fc3a-444a-8735-d0a581ba712a,1d04fd1b-dd09-4574-a9d6-0adedcba46f5",,,,,,See page 83 of the SEC proposed Rule on the Enhancement and Standardization of Climate-Related Disclosures for Investors,,,,,
e5876c33-8585-4e8b-a158-9716a3cc17e4,Transition,,,da55528d-bf4c-4ae4-b282-f6b353140967,4072ca27-fc3a-444a-8735-d0a581ba712a,,,,,,,,,,,100
2fce0a49-688d-4350-a320-7c4fe59443e8,Transition,,,da55528d-bf4c-4ae4-b282-f6b353140967,1d04fd1b-dd09-4574-a9d6-0adedcba46f5,,,,,,,,,,,100
8efe504f-5974-404e-9557-2c1a339a9dbe,Object,cd65e7e0-75d5-4aee-acc7-04a515f15086,D. Governance Disclosure,,,,,,,,,,,,,
3c7fa6bb-758d-4557-b85f-e0ea1f612d87,Attribute,8efe504f-5974-404e-9557-2c1a339a9dbe,1. Board Oversight,,"c21df3e9-4b43-4f59-b97c-63238c4eeb1a,d2f88ce2-4006-42f6-8e0d-b8d2778bc278,7d0b8474-6371-4766-ae8d-fce04fefc3a7,df12b5a7-85d5-456c-b48b-b8b86b975a36,50a56c3c-71ee-4470-a83f-7de7b88824af",,,,,,See page 94 of the SEC proposed Rule on the Enhancement and Standardization of Climate-Related Disclosures for Investors,,,,,
25264222-abbf-410b-a0d8-92a5b95f552c,Transition,,,3c7fa6bb-758d-4557-b85f-e0ea1f612d87,c21df3e9-4b43-4f59-b97c-63238c4eeb1a,,,,,,,,,,,100
435a10bc-e244-4b5d-acbb-64f0e20abd2d,Transition,,,3c7fa6bb-758d-4557-b85f-e0ea1f612d87,d2f88ce2-4006-42f6-8e0d-b8d2778bc278,,,,,,,,,,,100
dc7f2578-ecf3-49c0-b79c-34a9f9f6c8b2,Transition,,,3c7fa6bb-758d-4557-b85f-e0ea1f612d87,7d0b8474-6371-4766-ae8d-fce04fefc3a7,,,,,,,,,,,100
c8a4d566-c1d3-48b3-83d3-5cf4fe5cd2f4,Transition,,,3c7fa6bb-758d-4557-b85f-e0ea1f612d87,df12b5a7-85d5-456c-b48b-b8b86b975a36,,,,,,,,,,,100
a10caddf-b3f7-433e-9261-1dfcd3f1969e,Transition,,,3c7fa6bb-758d-4557-b85f-e0ea1f612d87,50a56c3c-71ee-4470-a83f-7de7b88824af,,,,,,,,,,,100
62db3be0-23f6-4488-a5b1-8c359c50adb7,Attribute,8efe504f-5974-404e-9557-2c1a339a9dbe,2. Management Oversight,,d670eaf2-d460-4fe5-9dfa-99a9c5a253d7,,,,,,See page 96 of the SEC proposed Rule on the Enhancement and Standardization of Climate-Related Disclosures for Investors,,,,,
d13a8874-fbc4-4afb-92e9-922a9a2ffa23,Transition,,,62db3be0-23f6-4488-a5b1-8c359c50adb7,d670eaf2-d460-4fe5-9dfa-99a9c5a253d7,,,,,,,,,,,100
3779280e-dcd6-4425-a1be-53f7fb8d7761,Object,cd65e7e0-75d5-4aee-acc7-04a515f15086,E. Risk Management Disclosure,,,,,,,,,,,,,
a5fc600a-acea-475a-beaf-b46c89836708,Attribute,3779280e-dcd6-4425-a1be-53f7fb8d7761,"1. Disclosure of Processes for Identifying, Assessing, and Managing Climate-Related Risks",,"6cab5ea1-ff0c-472c-981c-98a71acdac5c,a0800eb3-dd56-4301-ba86-9dabee10e45c,33f91fe1-eaf9-4df5-ad83-50e13f1f0e4d,cd0eb74c-e5e9-440c-b979-279bf51095d1,5d9dfb50-2248-4e83-a919-8f7c31a7e4eb,fec5264f-3234-4d79-9199-2cfe4ef19fce,7408249b-3541-4532-bbda-46dc1707012d,0768f4e2-863e-4f46-b01e-ba37bf4f4c2d,e8be7e7d-e402-404d-ab4e-693997e21628,88652f7a-8154-4f09-92b7-780f7a47ccc6,624b00f4-0014-4abc-8e84-ffd6125fc021,458beb4b-d04e-41a7-abe3-8b13a349f296",,,,,,See page 100 of the SEC proposed Rule on the Enhancement and Standardization of Climate-Related Disclosures for Investors,,,,,
5eef229e-af9a-47ed-a9b6-f50984ffb4b7,Transition,,,a5fc600a-acea-475a-beaf-b46c89836708,6cab5ea1-ff0c-472c-981c-98a71acdac5c,,,,,,,,,,,100
0fe26123-063e-4437-87f1-f3cca05cf9b2,Transition,,,a5fc600a-acea-475a-beaf-b46c89836708,a0800eb3-dd56-4301-ba86-9dabee10e45c,,,,,,,,,,,100
e17ffcad-1bbb-4ee1-a00f-42fbfd6c5578,Transition,,,a5fc600a-acea-475a-beaf-b46c89836708,33f91fe1-eaf9-4df5-ad83-50e13f1f0e4d,,,,,,,,,,,100
b13b3ea1-e583-4d60-8b12-ecaf20265c31,Transition,,,a5fc600a-acea-475a-beaf-b46c89836708,cd0eb74c-e5e9-440c-b979-279bf51095d1,,,,,,,,,,,100
131a1f44-4110-407a-bcfa-ffc11974c348,Transition,,,a5fc600a-acea-475a-beaf-b46c89836708,5d9dfb50-2248-4e83-a919-8f7c31a7e4eb,,,,,,,,,,,100
f886da5f-7cae-4dce-af50-d0914a66231d,Transition,,,a5fc600a-acea-475a-beaf-b46c89836708,fec5264f-3234-4d79-9199-2cfe4ef19fce,,,,,,,,,,,100
38634f37-1ef0-4967-8ef4-1a8d6d68e7f0,Transition,,,a5fc600a-acea-475a-beaf-b46c89836708,7408249b-3541-4532-bbda-46dc1707012d,,,,,,,,,,,100
60b28ff1-08aa-490a-9bdf-4b45aaa1fac7,Transition,,,a5fc600a-acea-475a-beaf-b46c89836708,0768f4e2-863e-4f46-b01e-ba37bf4f4c2d,,,,,,,,,,,100
d2091e6d-c135-4230-b890-800094fe2644,Transition,,,a5fc600a-acea-475a-beaf-b46c89836708,e8be7e7d-e402-404d-ab4e-693997e21628,,,,,,,,,,,100
f6d6827d-9aae-495c-a8f1-f56968652919,Transition,,,a5fc600a-acea-475a-beaf-b46c89836708,88652f7a-8154-4f09-92b7-780f7a47ccc6,,,,,,,,,,,100
c8735b37-cb7a-4629-a6cd-d20256d779fa,Transition,,,a5fc600a-acea-475a-beaf-b46c89836708,624b00f4-0014-4abc-8e84-ffd6125fc021,,,,,,,,,,,100
269adf7c-b530-4fe9-b413-7b28f20d544d,Transition,,,a5fc600a-acea-475a-beaf-b46c89836708,458beb4b-d04e-41a7-abe3-8b13a349f296,,,,,,,,,,,100
77e5d08c-cbcd-4510-982d-a56ac738ca3c,Attribute,3779280e-dcd6-4425-a1be-53f7fb8d7761,2. Transition Plan Disclosure,,"82067ba4-0efd-456b-a2db-367ab01998d4,fe556e2d-75f7-485b-a781-59d8c30c0b46,4d1c781a-418c-4112-b6a1-e5d89cb174ce",,,,,,See page 102 of the SEC proposed Rule on the Enhancement and Standardization of Climate-Related Disclosures for Investors,,,,,
90328962-3ff9-4099-a3b5-4a7dd973ce72,Transition,,,77e5d08c-cbcd-4510-982d-a56ac738ca3c,82067ba4-0efd-456b-a2db-367ab01998d4,,,,,,,,,,,100
25a71d07-8619-48c8-a7ab-58b8601c5ed7,Transition,,,77e5d08c-cbcd-4510-982d-a56ac738ca3c,fe556e2d-75f7-485b-a781-59d8c30c0b46,,,,,,,,,,,100
9613b660-cc8b-41ea-9daf-aad1808cb4d6,Transition,,,77e5d08c-cbcd-4510-982d-a56ac738ca3c,4d1c781a-418c-4112-b6a1-e5d89cb174ce,,,,,,,,,,,100
62b1af07-fc2c-43fb-a70b-0233e9f7aea8,Object,cd65e7e0-75d5-4aee-acc7-04a515f15086,F. Financial Statement Metrics,,,,,,,,,,,,,
2098bd1b-ddde-4dc8-b3fd-d07890330814,Attribute,62b1af07-fc2c-43fb-a70b-0233e9f7aea8,1. Overview,,16e07e32-16af-4a8a-91f1-0102e2fd3cde,,,,,,See page 110 of the SEC proposed Rule on the Enhancement and Standardization of Climate-Related Disclosures for Investors,,,,,
a5fd2a81-ef49-43af-be0c-14f369949357,Transition,,,2098bd1b-ddde-4dc8-b3fd-d07890330814,16e07e32-16af-4a8a-91f1-0102e2fd3cde,,,,,,,,,,,100
5eaf0606-8b59-4155-8b2d-91ba2bc2708a,Attribute,62b1af07-fc2c-43fb-a70b-0233e9f7aea8,2. Financial Impact Metrics,,16e07e32-16af-4a8a-91f1-0102e2fd3cde,,,,,,See page 116 of the SEC proposed Rule on the Enhancement and Standardization of Climate-Related Disclosures for Investors,,,,,
b0c60c99-f95e-413e-8733-3db04e7c7855,Transition,,,5eaf0606-8b59-4155-8b2d-91ba2bc2708a,16e07e32-16af-4a8a-91f1-0102e2fd3cde,,,,,,,,,,,100
4c2d5f5e-9f34-4751-8c0b-484b5fb1756d,Attribute,62b1af07-fc2c-43fb-a70b-0233e9f7aea8,3. Expenditure Metrics,,"16e07e32-16af-4a8a-91f1-0102e2fd3cde,491535d8-4534-4efb-8a05-18fe16a93f58",,,,,,See page 132 of the SEC proposed Rule on the Enhancement and Standardization of Climate-Related Disclosures for Investors,,,,,
d5c39ad6-7ebf-44bc-92d3-d5064e59e5e6,Transition,,,4c2d5f5e-9f34-4751-8c0b-484b5fb1756d,16e07e32-16af-4a8a-91f1-0102e2fd3cde,,,,,,,,,,,100
f51253b8-27d1-46e9-96dd-ec895f8d5e93,Transition,,,4c2d5f5e-9f34-4751-8c0b-484b5fb1756d,491535d8-4534-4efb-8a05-18fe16a93f58,,,,,,,,,,,100
8a61a87b-76f4-4b89-b2f3-cf4817212031,Attribute,62b1af07-fc2c-43fb-a70b-0233e9f7aea8,4. Financial Estimates and Assumptions,,,,,,,,See page 139 of the SEC proposed Rule on the Enhancement and Standardization of Climate-Related Disclosures for Investors,,,,,
d9ce8112-2330-43c0-bb90-1686bb8011fb,Attribute,62b1af07-fc2c-43fb-a70b-0233e9f7aea8,5. Inclusion of Climate-Related Metrics in the Financial Statements,,,,,,,,See page 144 of the SEC proposed Rule on the Enhancement and Standardization of Climate-Related Disclosures for Investors,,,,,
e0bc3178-9966-43f0-a7b2-0fde2e15f100,Object,cd65e7e0-75d5-4aee-acc7-04a515f15086,G. GHG Emissions Metrics Disclosure,,,,,,,,,,,,,
e5bf68e1-4e55-482c-9f37-a91f853f1b4b,Group,e0bc3178-9966-43f0-a7b2-0fde2e15f100,1. GHG Emissions Disclosure Requirement,,,,,,,,See page 147 of the SEC proposed Rule on the Enhancement and Standardization of Climate-Related Disclosures for Investors,,,,,
ecdbbf36-a99a-448d-b48d-9b4f08a0d477,Attribute,e5bf68e1-4e55-482c-9f37-a91f853f1b4b,a. Overview,,,,,,,,See page 147 of the SEC proposed Rule on the Enhancement and Standardization of Climate-Related Disclosures for Investors,,,,,
8a35b575-4ccd-496e-8b10-c7701982e181,Attribute,e5bf68e1-4e55-482c-9f37-a91f853f1b4b,b. The Treatment of Scopes 1 and 2 Emissions Compared to Scope 3 Emissions,,,,,,,,See page 159 of the SEC proposed Rule on the Enhancement and Standardization of Climate-Related Disclosures for Investors,,,,,
ea3e1b72-9a1f-4c09-933d-a32e61b85eb0,Attribute,e5bf68e1-4e55-482c-9f37-a91f853f1b4b,c. GHG Intensity,,,,,,,,See page 179 of the SEC proposed Rule on the Enhancement and Standardization of Climate-Related Disclosures for Investors,,,,,
f19089dd-09a8-418e-99bc-d963111dca07,Attribute,e5bf68e1-4e55-482c-9f37-a91f853f1b4b,d. GHG Emissions Data for Historical Periods,,,,,,,,See page 183 of the SEC proposed Rule on the Enhancement and Standardization of Climate-Related Disclosures for Investors,,,,,
c21e60a7-76e9-4e1f-8936-dd7b1f303e78,Group,e0bc3178-9966-43f0-a7b2-0fde2e15f100,2. GHG Emissions Methodology and Related Instructions,,,,,,,,See page 185 of the SEC proposed Rule on the Enhancement and Standardization of Climate-Related Disclosures for Investors,,,,,
3b2f7ea3-2ff1-48ce-acd2-b1e82dc67714,Attribute,c21e60a7-76e9-4e1f-8936-dd7b1f303e78,a. The Setting and Disclosure of Organizational Boundaries,,,,,,,,See page 186 of the SEC proposed Rule on the Enhancement and Standardization of Climate-Related Disclosures for Investors,,,,,
cc32cf76-be90-4a34-9afe-76c82abec132,Attribute,c21e60a7-76e9-4e1f-8936-dd7b1f303e78,b. The Setting and Disclosure of Operational Boundaries,,,,,,,,See page 190 of the SEC proposed Rule on the Enhancement and Standardization of Climate-Related Disclosures for Investors,,,,,
33abac51-57ad-4043-8c3e-c7f8f70edacc,Attribute,c21e60a7-76e9-4e1f-8936-dd7b1f303e78,"c. The Selection and Disclosure of a GHG Emissions Calculation Approach, including Emission Factors",,,,,,,,See page 192 of the SEC proposed Rule on the Enhancement and Standardization of Climate-Related Disclosures for Investors,,,,,
caef7e5e-a631-45c0-9cdb-86f0eef0e043,Attribute,c21e60a7-76e9-4e1f-8936-dd7b1f303e78,d. Additional Rules Related to Methodology Disclosure,,,,,,,,See page 197 of the SEC proposed Rule on the Enhancement and Standardization of Climate-Related Disclosures for Investors,,,,,
54805c49-14c5-49fa-97a0-82de153b9814,Attribute,e0bc3178-9966-43f0-a7b2-0fde2e15f100,3. The Scope 3 Emissions Disclosure Safe Harbor and Other Accommodations,,,,,,,,See page 208 of the SEC proposed Rule on the Enhancement and Standardization of Climate-Related Disclosures for Investors,,,,,
180ed3e1-4b6d-429e-a185-db2e387bfb49,Object,cd65e7e0-75d5-4aee-acc7-04a515f15086,H. Attestation of Scope 1 and Scope 2 Emissions Disclosure,,,,,,,,,,,,,
602743d7-eb3d-4e68-adae-7c537167f86e,Attribute,180ed3e1-4b6d-429e-a185-db2e387bfb49,1. Overview,,,,,,,,See page 215 of the SEC proposed Rule on the Enhancement and Standardization of Climate-Related Disclosures for Investors,,,,,
042b66d8-44eb-4533-90ab-507d6a287242,Attribute,180ed3e1-4b6d-429e-a185-db2e387bfb49,2. GHG Emissions Attestation Provider Requirements,,,,,,,,See page 239 of the SEC proposed Rule on the Enhancement and Standardization of Climate-Related Disclosures for Investors,,,,,
d7c69982-a3a9-4873-a8d1-843c69f1de27,Attribute,180ed3e1-4b6d-429e-a185-db2e387bfb49,3. GHG Emissions Attestation Engagement and Report Requirements,,,,,,,,See page 247 of the SEC proposed Rule on the Enhancement and Standardization of Climate-Related Disclosures for Investors,,,,,
054e45d7-5c70-4914-bd3c-9f8352293322,Attribute,180ed3e1-4b6d-429e-a185-db2e387bfb49,4. Additional Disclosure by the Registrant,,,,,,,,See page 260 of the SEC proposed Rule on the Enhancement and Standardization of Climate-Related Disclosures for Investors,,,,,
0f08312c-e0e2-4b7c-8dde-fdf89505efd8,Attribute,180ed3e1-4b6d-429e-a185-db2e387bfb49,5. Disclosure of Voluntary Attestation,,,,,,,,See page 263 of the SEC proposed Rule on the Enhancement and Standardization of Climate-Related Disclosures for Investors,,,,,
9d71d099-9689-4738-8bf9-fb36933612c6,Object,cd65e7e0-75d5-4aee-acc7-04a515f15086,I. Targets and Goals Disclosure,,,,,,,,See page 266 of the SEC proposed Rule on the Enhancement and Standardization of Climate-Related Disclosures for Investors,,,,,
5c629bf2-af12-42c8-bc4b-039bde6241d0,Object,cd65e7e0-75d5-4aee-acc7-04a515f15086,J. Registrants Subject to the Climate-Related Disclosure Rules and Affected Forms,,,,,,,,See page 275 of the SEC proposed Rule on the Enhancement and Standardization of Climate-Related Disclosures for Investors,,,,,
6af24bbf-6082-48ba-a109-ad4ee2703fde,Object,cd65e7e0-75d5-4aee-acc7-04a515f15086,K. Structured Data Requirement,,,,,,,,See page 283 of the SEC proposed Rule on the Enhancement and Standardization of Climate-Related Disclosures for Investors,,,,,
764a4979-2ee6-46b0-a522-81156e2ba4fd,Object,cd65e7e0-75d5-4aee-acc7-04a515f15086,L. Treatment for Purposes of Securities Act and Exchange Act,,,,,,,,See page 286 of the SEC proposed Rule on the Enhancement and Standardization of Climate-Related Disclosures for Investors,,,,,
bbea316d-0bf0-42cd-9f89-efce5847ece1,Object,cd65e7e0-75d5-4aee-acc7-04a515f15086,M. Compliance Date,,,,,,,,See page 289 of the SEC proposed Rule on the Enhancement and Standardization of Climate-Related Disclosures for Investors,,,,,