ID,TYPE,PARENT,NAME,SOURCE,TARGET,REFERENCE_MODEL_ID,TERM_ID,LABEL,,PROPERTIES:,Layer Total CO2,Minimum boundary,Category Description,Sum totalCO2,Group Total,tonnesCO2PerUnit,Units,calculatedTotalCO2,totalCO2Unformatted,AportionmentPercentage
791a062e-bafb-4a6f-8b8d-302a0d08a044,Layer,,Scope 3 Upstream Suppliers,,,,,,,,=sum([Sum totalCO2]),,,,,,,,,
1b9154df-f9c0-4382-a928-3e520d32513d,Object,791a062e-bafb-4a6f-8b8d-302a0d08a044,1. Purchased Goods and Services,,,,,,,,,All upstream (cradle-to-gate) emissions  of purchased goods and services,"Extraction, production, and  transportation of goods and services  purchased or acquired by the reporting  company in the reporting year, not  otherwise included in Categories 2 - 8",=sum(descendants[totalCO2Unformatted]),,,,,,
43e3375c-3dec-4bf9-86f0-bc162004eda3,Group,1b9154df-f9c0-4382-a928-3e520d32513d,Amazing Shirts,,,,,,,,,,,,=sum(totalCO2Unformatted),,,,,
67924089-efda-410d-86d5-cfaaa7606170,Attribute,43e3375c-3dec-4bf9-86f0-bc162004eda3,Plain T-Shirt,,"4221f47d-717a-4272-ace9-43106a293d21,fb673a39-eab8-4038-a12a-345a9ec5627c,59a4fdb1-16f7-4de4-9153-e1e23c373a68,7672af8e-45f4-4130-bcdd-731f91155a5f",640f51f5ab4f26b8d4339b3f,915b3bae-f7af-4b38-a8c7-f079ee0901ce,scope,,,,,,,,0.8,50,true,40.00,
67924089-efda-410d-86d5-cfaaa7606170,Attribute,43e3375c-3dec-4bf9-86f0-bc162004eda3,Plain T-Shirt,,"4221f47d-717a-4272-ace9-43106a293d21,fb673a39-eab8-4038-a12a-345a9ec5627c,59a4fdb1-16f7-4de4-9153-e1e23c373a68,7672af8e-45f4-4130-bcdd-731f91155a5f",640f51f5ab4f26b8d4339b3f,e12deb30-bcc3-4b3a-84a6-7d5702d68b8e,scope,,,,,,,,0.8,50,true,40.00,
210f0fe3-6622-45f4-9fca-a9860ef7e62f,Transition,,,67924089-efda-410d-86d5-cfaaa7606170,4221f47d-717a-4272-ace9-43106a293d21,,,,,,,,,,,,,,,50
03bd296d-2a4c-4c2e-b817-522e6cce506a,Transition,,,67924089-efda-410d-86d5-cfaaa7606170,fb673a39-eab8-4038-a12a-345a9ec5627c,,,,,,,,,,,,,,,40
bd47fd65-43c0-4314-a0a4-378456f901b2,Transition,,,67924089-efda-410d-86d5-cfaaa7606170,59a4fdb1-16f7-4de4-9153-e1e23c373a68,,,,,,,,,,,,,,,10
cf51bf5b-5349-4444-9fb6-22990723aeda,Transition,,,67924089-efda-410d-86d5-cfaaa7606170,7672af8e-45f4-4130-bcdd-731f91155a5f,,,,,,,,,,,,,,,
47b74413-3635-4b53-84b5-b77e8c731f9e,Attribute,43e3375c-3dec-4bf9-86f0-bc162004eda3,Coloured T-Shirt,,"4221f47d-717a-4272-ace9-43106a293d21,fb673a39-eab8-4038-a12a-345a9ec5627c,59a4fdb1-16f7-4de4-9153-e1e23c373a68,7672af8e-45f4-4130-bcdd-731f91155a5f",640f51f5ab4f26b8d4339b3f,915b3bae-f7af-4b38-a8c7-f079ee0901ce,scope,,,,,,,,.9,60,true,54.00,
47b74413-3635-4b53-84b5-b77e8c731f9e,Attribute,43e3375c-3dec-4bf9-86f0-bc162004eda3,Coloured T-Shirt,,"4221f47d-717a-4272-ace9-43106a293d21,fb673a39-eab8-4038-a12a-345a9ec5627c,59a4fdb1-16f7-4de4-9153-e1e23c373a68,7672af8e-45f4-4130-bcdd-731f91155a5f",640f51f5ab4f26b8d4339b3f,e12deb30-bcc3-4b3a-84a6-7d5702d68b8e,scope,,,,,,,,.9,60,true,54.00,
95a478c9-0108-4f74-ac63-f8e301142729,Transition,,,47b74413-3635-4b53-84b5-b77e8c731f9e,4221f47d-717a-4272-ace9-43106a293d21,,,,,,,,,,,,,,,50
52952c21-4ede-43a9-a13d-453e090031b4,Transition,,,47b74413-3635-4b53-84b5-b77e8c731f9e,fb673a39-eab8-4038-a12a-345a9ec5627c,,,,,,,,,,,,,,,40
9c06f61e-31f7-46b2-be6b-c2a342d1e86f,Transition,,,47b74413-3635-4b53-84b5-b77e8c731f9e,59a4fdb1-16f7-4de4-9153-e1e23c373a68,,,,,,,,,,,,,,,10
9308c9b3-14dd-4117-ac98-d4ab983f862a,Transition,,,47b74413-3635-4b53-84b5-b77e8c731f9e,7672af8e-45f4-4130-bcdd-731f91155a5f,,,,,,,,,,,,,,,
9e75dd57-66f1-4c31-af1e-496ad961b7a7,Attribute,43e3375c-3dec-4bf9-86f0-bc162004eda3,Ink,,"4221f47d-717a-4272-ace9-43106a293d21,fb673a39-eab8-4038-a12a-345a9ec5627c,59a4fdb1-16f7-4de4-9153-e1e23c373a68,7672af8e-45f4-4130-bcdd-731f91155a5f",640f51f5ab4f26b8d4339b3f,915b3bae-f7af-4b38-a8c7-f079ee0901ce,scope,,,,,,,,0.002,100,true,0.20,
9e75dd57-66f1-4c31-af1e-496ad961b7a7,Attribute,43e3375c-3dec-4bf9-86f0-bc162004eda3,Ink,,"4221f47d-717a-4272-ace9-43106a293d21,fb673a39-eab8-4038-a12a-345a9ec5627c,59a4fdb1-16f7-4de4-9153-e1e23c373a68,7672af8e-45f4-4130-bcdd-731f91155a5f",640f51f5ab4f26b8d4339b3f,e12deb30-bcc3-4b3a-84a6-7d5702d68b8e,scope,,,,,,,,0.002,100,true,0.20,
77284cb0-4c2e-4e3f-8c65-762dd6ac6db5,Transition,,,9e75dd57-66f1-4c31-af1e-496ad961b7a7,4221f47d-717a-4272-ace9-43106a293d21,,,,,,,,,,,,,,,50
2d61607a-2140-4fe2-b0c2-58194b301457,Transition,,,9e75dd57-66f1-4c31-af1e-496ad961b7a7,fb673a39-eab8-4038-a12a-345a9ec5627c,,,,,,,,,,,,,,,40
b1b58202-a6bf-44f3-85ee-8d98515c805f,Transition,,,9e75dd57-66f1-4c31-af1e-496ad961b7a7,59a4fdb1-16f7-4de4-9153-e1e23c373a68,,,,,,,,,,,,,,,10
666f81f8-86d6-450e-aa2b-aa4552f6bac5,Transition,,,9e75dd57-66f1-4c31-af1e-496ad961b7a7,7672af8e-45f4-4130-bcdd-731f91155a5f,,,,,,,,,,,,,,,
8d1377e8-8e5a-4d04-879d-65b7b5afac5d,Group,1b9154df-f9c0-4382-a928-3e520d32513d,El Cheapo Shirts,,,,,,,,,,,,=sum(totalCO2Unformatted),,,,,
19a17137-eda3-4346-9e59-d41f047ffa4d,Attribute,8d1377e8-8e5a-4d04-879d-65b7b5afac5d,Plain T-Shirt,,"4221f47d-717a-4272-ace9-43106a293d21,fb673a39-eab8-4038-a12a-345a9ec5627c,59a4fdb1-16f7-4de4-9153-e1e23c373a68,7672af8e-45f4-4130-bcdd-731f91155a5f",640f51f5ab4f26b8d4339b3f,915b3bae-f7af-4b38-a8c7-f079ee0901ce,scope,,,,,,,,0.9,50,true,45.00,
19a17137-eda3-4346-9e59-d41f047ffa4d,Attribute,8d1377e8-8e5a-4d04-879d-65b7b5afac5d,Plain T-Shirt,,"4221f47d-717a-4272-ace9-43106a293d21,fb673a39-eab8-4038-a12a-345a9ec5627c,59a4fdb1-16f7-4de4-9153-e1e23c373a68,7672af8e-45f4-4130-bcdd-731f91155a5f",640f51f5ab4f26b8d4339b3f,e12deb30-bcc3-4b3a-84a6-7d5702d68b8e,scope,,,,,,,,0.9,50,true,45.00,
f3a0c00f-94ed-4910-b14f-a656f2254162,Transition,,,19a17137-eda3-4346-9e59-d41f047ffa4d,4221f47d-717a-4272-ace9-43106a293d21,,,,,,,,,,,,,,,50
0faddd95-22b1-44a2-9cdc-107bc7f1ba90,Transition,,,19a17137-eda3-4346-9e59-d41f047ffa4d,fb673a39-eab8-4038-a12a-345a9ec5627c,,,,,,,,,,,,,,,40
d3447d48-0b18-48f6-b070-356679413595,Transition,,,19a17137-eda3-4346-9e59-d41f047ffa4d,59a4fdb1-16f7-4de4-9153-e1e23c373a68,,,,,,,,,,,,,,,10
5a9ce02b-76ca-4a63-a427-53c278740904,Transition,,,19a17137-eda3-4346-9e59-d41f047ffa4d,7672af8e-45f4-4130-bcdd-731f91155a5f,,,,,,,,,,,,,,,
a1f06ed0-f4c4-40d9-becf-0c3aa7d4ce4f,Attribute,8d1377e8-8e5a-4d04-879d-65b7b5afac5d,Coloured T-Shirt,,"4221f47d-717a-4272-ace9-43106a293d21,fb673a39-eab8-4038-a12a-345a9ec5627c,59a4fdb1-16f7-4de4-9153-e1e23c373a68,7672af8e-45f4-4130-bcdd-731f91155a5f",640f51f5ab4f26b8d4339b3f,915b3bae-f7af-4b38-a8c7-f079ee0901ce,scope,,,,,,,,.9,60,true,54.00,
a1f06ed0-f4c4-40d9-becf-0c3aa7d4ce4f,Attribute,8d1377e8-8e5a-4d04-879d-65b7b5afac5d,Coloured T-Shirt,,"4221f47d-717a-4272-ace9-43106a293d21,fb673a39-eab8-4038-a12a-345a9ec5627c,59a4fdb1-16f7-4de4-9153-e1e23c373a68,7672af8e-45f4-4130-bcdd-731f91155a5f",640f51f5ab4f26b8d4339b3f,e12deb30-bcc3-4b3a-84a6-7d5702d68b8e,scope,,,,,,,,.9,60,true,54.00,
fe4d5859-fa9c-44fe-b657-c846fb0bb449,Transition,,,a1f06ed0-f4c4-40d9-becf-0c3aa7d4ce4f,4221f47d-717a-4272-ace9-43106a293d21,,,,,,,,,,,,,,,50
27f44728-bb3f-4a96-a06f-d6e66ab6669f,Transition,,,a1f06ed0-f4c4-40d9-becf-0c3aa7d4ce4f,fb673a39-eab8-4038-a12a-345a9ec5627c,,,,,,,,,,,,,,,40
463c0eb5-6897-4035-a28c-0d4342e7f0ed,Transition,,,a1f06ed0-f4c4-40d9-becf-0c3aa7d4ce4f,59a4fdb1-16f7-4de4-9153-e1e23c373a68,,,,,,,,,,,,,,,10
77140eb0-7cb7-4ec6-99b7-e9c02a46e632,Transition,,,a1f06ed0-f4c4-40d9-becf-0c3aa7d4ce4f,7672af8e-45f4-4130-bcdd-731f91155a5f,,,,,,,,,,,,,,,
5acf3290-68d4-4793-a2c0-f4537bffcace,Attribute,8d1377e8-8e5a-4d04-879d-65b7b5afac5d,Ink,,"4221f47d-717a-4272-ace9-43106a293d21,fb673a39-eab8-4038-a12a-345a9ec5627c,59a4fdb1-16f7-4de4-9153-e1e23c373a68,7672af8e-45f4-4130-bcdd-731f91155a5f",640f51f5ab4f26b8d4339b3f,915b3bae-f7af-4b38-a8c7-f079ee0901ce,scope,,,,,,,,0.002,100,true,0.20,
5acf3290-68d4-4793-a2c0-f4537bffcace,Attribute,8d1377e8-8e5a-4d04-879d-65b7b5afac5d,Ink,,"4221f47d-717a-4272-ace9-43106a293d21,fb673a39-eab8-4038-a12a-345a9ec5627c,59a4fdb1-16f7-4de4-9153-e1e23c373a68,7672af8e-45f4-4130-bcdd-731f91155a5f",640f51f5ab4f26b8d4339b3f,e12deb30-bcc3-4b3a-84a6-7d5702d68b8e,scope,,,,,,,,0.002,100,true,0.20,
0230c416-d655-400a-a663-1eee5ab011a4,Transition,,,5acf3290-68d4-4793-a2c0-f4537bffcace,4221f47d-717a-4272-ace9-43106a293d21,,,,,,,,,,,,,,,50
eace9829-6603-4cc1-97d6-df66870c879a,Transition,,,5acf3290-68d4-4793-a2c0-f4537bffcace,fb673a39-eab8-4038-a12a-345a9ec5627c,,,,,,,,,,,,,,,40
c3dffe60-5e6c-426b-b340-a2b5f7e5c2ec,Transition,,,5acf3290-68d4-4793-a2c0-f4537bffcace,59a4fdb1-16f7-4de4-9153-e1e23c373a68,,,,,,,,,,,,,,,10
7d4f6ff2-e737-4dac-a6d8-b010a37968ba,Transition,,,5acf3290-68d4-4793-a2c0-f4537bffcace,7672af8e-45f4-4130-bcdd-731f91155a5f,,,,,,,,,,,,,,,
7e25574b-a03c-450b-be7d-d64a45ae12bb,Object,791a062e-bafb-4a6f-8b8d-302a0d08a044,2. Capital goods,,,,,,,,,All upstream (cradle-to-gate) emissions  of purchased capital goods,"Extraction, production, and transportation of capital goods purchased or acquired by the reporting company in  the reporting year",=sum(descendants[totalCO2Unformatted]),,,,,,
16cf254d-d999-42a4-bd69-8d6e568f87f3,Attribute,7e25574b-a03c-450b-be7d-d64a45ae12bb,Printer,,"4221f47d-717a-4272-ace9-43106a293d21,fb673a39-eab8-4038-a12a-345a9ec5627c,59a4fdb1-16f7-4de4-9153-e1e23c373a68,7672af8e-45f4-4130-bcdd-731f91155a5f",640f51f5ab4f26b8d4339b3f,915b3bae-f7af-4b38-a8c7-f079ee0901ce,scope,,,,,,,,.9,0,true,0.00,
16cf254d-d999-42a4-bd69-8d6e568f87f3,Attribute,7e25574b-a03c-450b-be7d-d64a45ae12bb,Printer,,"4221f47d-717a-4272-ace9-43106a293d21,fb673a39-eab8-4038-a12a-345a9ec5627c,59a4fdb1-16f7-4de4-9153-e1e23c373a68,7672af8e-45f4-4130-bcdd-731f91155a5f",640f51f5ab4f26b8d4339b3f,e12deb30-bcc3-4b3a-84a6-7d5702d68b8e,scope,,,,,,,,.9,0,true,0.00,
01edb498-58e3-4674-83a4-38583d245808,Transition,,,16cf254d-d999-42a4-bd69-8d6e568f87f3,4221f47d-717a-4272-ace9-43106a293d21,,,,,,,,,,,,,,,50
7fea57f8-6cee-4568-bc5c-83b7168bb79a,Transition,,,16cf254d-d999-42a4-bd69-8d6e568f87f3,fb673a39-eab8-4038-a12a-345a9ec5627c,,,,,,,,,,,,,,,40
14aa079a-bdc0-4fdb-a993-6513ecc1e94a,Transition,,,16cf254d-d999-42a4-bd69-8d6e568f87f3,59a4fdb1-16f7-4de4-9153-e1e23c373a68,,,,,,,,,,,,,,,10
e5a7355a-3998-456a-a962-88ad3dda82ba,Transition,,,16cf254d-d999-42a4-bd69-8d6e568f87f3,7672af8e-45f4-4130-bcdd-731f91155a5f,,,,,,,,,,,,,,,
b8895490-9253-497b-8024-5380a0039078,Object,791a062e-bafb-4a6f-8b8d-302a0d08a044,3. Fuel- and energy-related activities,,,,,,,,,"a. For upstream emissions of purchased fuels: All upstream (cradle-to-gate) emissions of purchased fuels (from raw material extraction up to the point of, but excluding combustion) 

b. For upstream emissions of purchased electricity: All upstream (cradle-to-gate) emissions of purchased fuels (from raw material extraction up to the point of, but excluding, combustion by a power generator) 

c. For T&D losses: All upstream (cradle-to-gate) emissions of energy consumed in a T&D system, including emissions from combustion 

d. For generation of purchased electricity that is sold to end users: Emissions from the generation of purchased energy","Extraction, production, and transportation of fuels and energy purchased or acquired by the reporting company in the reporting year, not already accounted for in scope 1 or scope 2, including: 

a. Upstream emissions of purchased fuels (extraction, production, and transportation of fuels consumed by the reporting company) 

b. Upstream emissions of purchased electricity (extraction, production, and transportation of fuels consumed in the generation of electricity, steam, heating, and cooling consumed by the reporting company)

c. Transmission and distribution (T&D) losses (generation of electricity, steam, heating and cooling that is consumed (i.e., lost) in a T&D system) – reported by end user

d. Generation of purchased electricity that is sold to end users (generation of electricity, steam, heating, and cooling that is purchased by the reporting company and sold to end users) – reported by utility company or energy retailer only",=sum(descendants[totalCO2Unformatted]),,,,,,
adcd5ccb-3de5-4e85-a3d6-959291eebb47,Attribute,b8895490-9253-497b-8024-5380a0039078,purchased fuels,,"4221f47d-717a-4272-ace9-43106a293d21,fb673a39-eab8-4038-a12a-345a9ec5627c,59a4fdb1-16f7-4de4-9153-e1e23c373a68,7672af8e-45f4-4130-bcdd-731f91155a5f",640f51f5ab4f26b8d4339b3f,915b3bae-f7af-4b38-a8c7-f079ee0901ce,scope,,,,,,,,0.5,5000,true,2500.00,
adcd5ccb-3de5-4e85-a3d6-959291eebb47,Attribute,b8895490-9253-497b-8024-5380a0039078,purchased fuels,,"4221f47d-717a-4272-ace9-43106a293d21,fb673a39-eab8-4038-a12a-345a9ec5627c,59a4fdb1-16f7-4de4-9153-e1e23c373a68,7672af8e-45f4-4130-bcdd-731f91155a5f",640f51f5ab4f26b8d4339b3f,e12deb30-bcc3-4b3a-84a6-7d5702d68b8e,scope,,,,,,,,0.5,5000,true,2500.00,
18792869-cbec-42e3-b862-332723d61bd2,Transition,,,adcd5ccb-3de5-4e85-a3d6-959291eebb47,4221f47d-717a-4272-ace9-43106a293d21,,,,,,,,,,,,,,,50
abf37233-c138-4f75-934a-30bced37bcaa,Transition,,,adcd5ccb-3de5-4e85-a3d6-959291eebb47,fb673a39-eab8-4038-a12a-345a9ec5627c,,,,,,,,,,,,,,,40
90b961ae-e2e0-400e-86d0-d8febffe9a3e,Transition,,,adcd5ccb-3de5-4e85-a3d6-959291eebb47,59a4fdb1-16f7-4de4-9153-e1e23c373a68,,,,,,,,,,,,,,,10
95c0a5fd-aaf6-4411-9425-175df7763e45,Transition,,,adcd5ccb-3de5-4e85-a3d6-959291eebb47,7672af8e-45f4-4130-bcdd-731f91155a5f,,,,,,,,,,,,,,,
bf4acd7a-4fc1-49ac-b464-cde117b78e01,Group,b8895490-9253-497b-8024-5380a0039078,purchased electricity,,,,,,,,,,,,=sum(totalCO2Unformatted),.02,5000,,,
7fd96e2c-7a78-47b6-aee4-9b7271da7c76,Attribute,bf4acd7a-4fc1-49ac-b464-cde117b78e01,Scottish Power,,"4221f47d-717a-4272-ace9-43106a293d21,fb673a39-eab8-4038-a12a-345a9ec5627c,59a4fdb1-16f7-4de4-9153-e1e23c373a68,7672af8e-45f4-4130-bcdd-731f91155a5f",640f51f5ab4f26b8d4339b3f,915b3bae-f7af-4b38-a8c7-f079ee0901ce,scope,,,,,,,,0.224,5000,true,1120.00,
7fd96e2c-7a78-47b6-aee4-9b7271da7c76,Attribute,bf4acd7a-4fc1-49ac-b464-cde117b78e01,Scottish Power,,"4221f47d-717a-4272-ace9-43106a293d21,fb673a39-eab8-4038-a12a-345a9ec5627c,59a4fdb1-16f7-4de4-9153-e1e23c373a68,7672af8e-45f4-4130-bcdd-731f91155a5f",640f51f5ab4f26b8d4339b3f,e12deb30-bcc3-4b3a-84a6-7d5702d68b8e,scope,,,,,,,,0.224,5000,true,1120.00,
2e9371be-0b24-4c4d-a87f-50a0c34342b3,Transition,,,7fd96e2c-7a78-47b6-aee4-9b7271da7c76,4221f47d-717a-4272-ace9-43106a293d21,,,,,,,,,,,,,,,50
74436c9f-6036-4066-af55-49733df813b2,Transition,,,7fd96e2c-7a78-47b6-aee4-9b7271da7c76,fb673a39-eab8-4038-a12a-345a9ec5627c,,,,,,,,,,,,,,,40
4547a5eb-4bfc-42c2-9433-e16436ddead7,Transition,,,7fd96e2c-7a78-47b6-aee4-9b7271da7c76,59a4fdb1-16f7-4de4-9153-e1e23c373a68,,,,,,,,,,,,,,,10
d2466432-7cd6-40ec-bd28-faed71b5ca86,Transition,,,7fd96e2c-7a78-47b6-aee4-9b7271da7c76,7672af8e-45f4-4130-bcdd-731f91155a5f,,,,,,,,,,,,,,,
098a98e6-8d0e-4d6a-9f16-dd8428980a13,Attribute,bf4acd7a-4fc1-49ac-b464-cde117b78e01,Octopus Energy,,"4221f47d-717a-4272-ace9-43106a293d21,fb673a39-eab8-4038-a12a-345a9ec5627c,59a4fdb1-16f7-4de4-9153-e1e23c373a68,7672af8e-45f4-4130-bcdd-731f91155a5f",640f51f5ab4f26b8d4339b3f,915b3bae-f7af-4b38-a8c7-f079ee0901ce,scope,,,,,,,,0.224,7000,true,1568.00,
098a98e6-8d0e-4d6a-9f16-dd8428980a13,Attribute,bf4acd7a-4fc1-49ac-b464-cde117b78e01,Octopus Energy,,"4221f47d-717a-4272-ace9-43106a293d21,fb673a39-eab8-4038-a12a-345a9ec5627c,59a4fdb1-16f7-4de4-9153-e1e23c373a68,7672af8e-45f4-4130-bcdd-731f91155a5f",640f51f5ab4f26b8d4339b3f,e12deb30-bcc3-4b3a-84a6-7d5702d68b8e,scope,,,,,,,,0.224,7000,true,1568.00,
daa895f5-fe0d-49ff-8314-b20d468d3438,Transition,,,098a98e6-8d0e-4d6a-9f16-dd8428980a13,4221f47d-717a-4272-ace9-43106a293d21,,,,,,,,,,,,,,,50
8a79b16f-8ee1-400d-a0d3-a2abcc724b3b,Transition,,,098a98e6-8d0e-4d6a-9f16-dd8428980a13,fb673a39-eab8-4038-a12a-345a9ec5627c,,,,,,,,,,,,,,,40
2ea52517-437e-4b61-a0d3-17650f0f7b1a,Transition,,,098a98e6-8d0e-4d6a-9f16-dd8428980a13,59a4fdb1-16f7-4de4-9153-e1e23c373a68,,,,,,,,,,,,,,,10
84a74957-951e-4a2b-8ee0-59119893ce28,Transition,,,098a98e6-8d0e-4d6a-9f16-dd8428980a13,7672af8e-45f4-4130-bcdd-731f91155a5f,,,,,,,,,,,,,,,
22fb2b23-096a-42a4-bdb3-9db39cd99351,Attribute,b8895490-9253-497b-8024-5380a0039078,Transmission and distribution (T&D),,"4221f47d-717a-4272-ace9-43106a293d21,fb673a39-eab8-4038-a12a-345a9ec5627c,59a4fdb1-16f7-4de4-9153-e1e23c373a68,7672af8e-45f4-4130-bcdd-731f91155a5f",640f51f5ab4f26b8d4339b3f,915b3bae-f7af-4b38-a8c7-f079ee0901ce,scope,,,,,,,,0.005,6000,true,30.00,
22fb2b23-096a-42a4-bdb3-9db39cd99351,Attribute,b8895490-9253-497b-8024-5380a0039078,Transmission and distribution (T&D),,"4221f47d-717a-4272-ace9-43106a293d21,fb673a39-eab8-4038-a12a-345a9ec5627c,59a4fdb1-16f7-4de4-9153-e1e23c373a68,7672af8e-45f4-4130-bcdd-731f91155a5f",640f51f5ab4f26b8d4339b3f,e12deb30-bcc3-4b3a-84a6-7d5702d68b8e,scope,,,,,,,,0.005,6000,true,30.00,
94677200-6626-49d5-b233-2790882a2285,Transition,,,22fb2b23-096a-42a4-bdb3-9db39cd99351,4221f47d-717a-4272-ace9-43106a293d21,,,,,,,,,,,,,,,50
9eee228a-bcb4-48f3-9df3-84beef4d95c1,Transition,,,22fb2b23-096a-42a4-bdb3-9db39cd99351,fb673a39-eab8-4038-a12a-345a9ec5627c,,,,,,,,,,,,,,,40
b2218b3b-081a-485a-be58-45331fb719c9,Transition,,,22fb2b23-096a-42a4-bdb3-9db39cd99351,59a4fdb1-16f7-4de4-9153-e1e23c373a68,,,,,,,,,,,,,,,10
b76ec6d7-9bbb-4029-ae0e-c2b989a05ee9,Transition,,,22fb2b23-096a-42a4-bdb3-9db39cd99351,7672af8e-45f4-4130-bcdd-731f91155a5f,,,,,,,,,,,,,,,
812d93f9-65be-47a8-a1e2-fa6a0037f17e,Object,791a062e-bafb-4a6f-8b8d-302a0d08a044,4. Upstream  transportation  and distribution,,,,,,,,,"The scope 1 and scope 2 emissions of transportation and distribution providers that occur during use of vehicles and facilities (e.g., from energy use) 

• **Optional**: The life cycle emissions associated with manufacturing vehicles, facilities, or infrastructure","a. For ** upstream emissions of purchased fuels**: All upstream (cradle-to-gate) emissions of purchased fuels (from raw material extraction up to the point of, but excluding combustion) 

b. For **upstream emissions of purchased electricity**: All upstream (cradle-to-gate) emissions of purchased fuels (from raw material extraction up to the point of, but excluding, combustion by a power generator) 

c. For** T&D losses**: All upstream (cradle-to-gate) emissions of energy consumed in a T&D system, including emissions from combustion 

d. For generation of purchased electricity that is sold to end users: Emissions from the generation of purchased energy",=sum(descendants[totalCO2Unformatted]),,,,,,
affaaea4-7bfa-4a01-9ea1-ff7821726a84,Attribute,812d93f9-65be-47a8-a1e2-fa6a0037f17e,purchased fuels,,"4221f47d-717a-4272-ace9-43106a293d21,fb673a39-eab8-4038-a12a-345a9ec5627c,59a4fdb1-16f7-4de4-9153-e1e23c373a68,7672af8e-45f4-4130-bcdd-731f91155a5f",640f51f5ab4f26b8d4339b3f,915b3bae-f7af-4b38-a8c7-f079ee0901ce,scope,,,,,,,,.4,1000,true,400.00,
affaaea4-7bfa-4a01-9ea1-ff7821726a84,Attribute,812d93f9-65be-47a8-a1e2-fa6a0037f17e,purchased fuels,,"4221f47d-717a-4272-ace9-43106a293d21,fb673a39-eab8-4038-a12a-345a9ec5627c,59a4fdb1-16f7-4de4-9153-e1e23c373a68,7672af8e-45f4-4130-bcdd-731f91155a5f",640f51f5ab4f26b8d4339b3f,e12deb30-bcc3-4b3a-84a6-7d5702d68b8e,scope,,,,,,,,.4,1000,true,400.00,
f77d1849-3ef3-4429-9f39-8070e073374b,Transition,,,affaaea4-7bfa-4a01-9ea1-ff7821726a84,4221f47d-717a-4272-ace9-43106a293d21,,,,,,,,,,,,,,,50
52f9692b-aed4-438c-a6e8-ad648a285168,Transition,,,affaaea4-7bfa-4a01-9ea1-ff7821726a84,fb673a39-eab8-4038-a12a-345a9ec5627c,,,,,,,,,,,,,,,40
a7a58d82-8feb-4f9b-9619-520f7213bf79,Transition,,,affaaea4-7bfa-4a01-9ea1-ff7821726a84,59a4fdb1-16f7-4de4-9153-e1e23c373a68,,,,,,,,,,,,,,,10
65b492dd-9a89-4d3e-82c7-638fb0b56730,Transition,,,affaaea4-7bfa-4a01-9ea1-ff7821726a84,7672af8e-45f4-4130-bcdd-731f91155a5f,,,,,,,,,,,,,,,
d64db5fb-b3ef-470e-9465-d2955da48388,Group,812d93f9-65be-47a8-a1e2-fa6a0037f17e,purchased electricity,,,,,,,,,,,,=sum(totalCO2Unformatted),,,,,
aaaebe42-96d8-40ca-a238-0a22605d226e,Attribute,d64db5fb-b3ef-470e-9465-d2955da48388,Scottish Power,,"4221f47d-717a-4272-ace9-43106a293d21,fb673a39-eab8-4038-a12a-345a9ec5627c,59a4fdb1-16f7-4de4-9153-e1e23c373a68,7672af8e-45f4-4130-bcdd-731f91155a5f",640f51f5ab4f26b8d4339b3f,915b3bae-f7af-4b38-a8c7-f079ee0901ce,scope,,,,,,,,0.001,5000,true,5.00,
aaaebe42-96d8-40ca-a238-0a22605d226e,Attribute,d64db5fb-b3ef-470e-9465-d2955da48388,Scottish Power,,"4221f47d-717a-4272-ace9-43106a293d21,fb673a39-eab8-4038-a12a-345a9ec5627c,59a4fdb1-16f7-4de4-9153-e1e23c373a68,7672af8e-45f4-4130-bcdd-731f91155a5f",640f51f5ab4f26b8d4339b3f,e12deb30-bcc3-4b3a-84a6-7d5702d68b8e,scope,,,,,,,,0.001,5000,true,5.00,
f782f17b-0062-4973-95ce-1d64e9cb73c3,Transition,,,aaaebe42-96d8-40ca-a238-0a22605d226e,4221f47d-717a-4272-ace9-43106a293d21,,,,,,,,,,,,,,,50
dc5568dd-f711-45a2-86ee-274357b3ab91,Transition,,,aaaebe42-96d8-40ca-a238-0a22605d226e,fb673a39-eab8-4038-a12a-345a9ec5627c,,,,,,,,,,,,,,,40
0c89a95f-cc39-4c84-be3a-07adbfa94b48,Transition,,,aaaebe42-96d8-40ca-a238-0a22605d226e,59a4fdb1-16f7-4de4-9153-e1e23c373a68,,,,,,,,,,,,,,,10
25d37dac-75c9-4615-b50c-ced497aaeec3,Transition,,,aaaebe42-96d8-40ca-a238-0a22605d226e,7672af8e-45f4-4130-bcdd-731f91155a5f,,,,,,,,,,,,,,,
d50a4886-925b-48d1-9550-26f45b606594,Attribute,d64db5fb-b3ef-470e-9465-d2955da48388,Octopus Energy,,"4221f47d-717a-4272-ace9-43106a293d21,fb673a39-eab8-4038-a12a-345a9ec5627c,59a4fdb1-16f7-4de4-9153-e1e23c373a68,7672af8e-45f4-4130-bcdd-731f91155a5f",640f51f5ab4f26b8d4339b3f,915b3bae-f7af-4b38-a8c7-f079ee0901ce,scope,,,,,,,,0.001,7000,true,7.00,
d50a4886-925b-48d1-9550-26f45b606594,Attribute,d64db5fb-b3ef-470e-9465-d2955da48388,Octopus Energy,,"4221f47d-717a-4272-ace9-43106a293d21,fb673a39-eab8-4038-a12a-345a9ec5627c,59a4fdb1-16f7-4de4-9153-e1e23c373a68,7672af8e-45f4-4130-bcdd-731f91155a5f",640f51f5ab4f26b8d4339b3f,e12deb30-bcc3-4b3a-84a6-7d5702d68b8e,scope,,,,,,,,0.001,7000,true,7.00,
9a840560-f395-4fae-b9f3-3e7d0447775d,Transition,,,d50a4886-925b-48d1-9550-26f45b606594,4221f47d-717a-4272-ace9-43106a293d21,,,,,,,,,,,,,,,50
b28e9cda-8ad1-4b56-adb4-1f436c79a1d2,Transition,,,d50a4886-925b-48d1-9550-26f45b606594,fb673a39-eab8-4038-a12a-345a9ec5627c,,,,,,,,,,,,,,,40
21def11f-0247-4b1e-909b-0a2a64cafc2c,Transition,,,d50a4886-925b-48d1-9550-26f45b606594,59a4fdb1-16f7-4de4-9153-e1e23c373a68,,,,,,,,,,,,,,,10
394cc779-1b38-4c90-a3e9-1eb65d51916e,Transition,,,d50a4886-925b-48d1-9550-26f45b606594,7672af8e-45f4-4130-bcdd-731f91155a5f,,,,,,,,,,,,,,,
9908d376-9241-46f6-a693-bc04c024d0ba,Object,791a062e-bafb-4a6f-8b8d-302a0d08a044,5. Waste generated  in operations,,,,,,,,,"The scope 1 and scope 2 emissions  of waste management suppliers that  occur during disposal or treatment 

**Optional**: Emissions from  transportation of waste",Disposal and treatment of waste  generated in the reporting company’s  operations in the reporting year (in  facilities not owned or controlled by the  reporting company),=sum(descendants[totalCO2Unformatted]),,,,,,
cf30ddca-c9f3-4dbe-a48c-382c20897927,Attribute,9908d376-9241-46f6-a693-bc04c024d0ba,Disposal and treatment of waste,,"4221f47d-717a-4272-ace9-43106a293d21,59a4fdb1-16f7-4de4-9153-e1e23c373a68,fb673a39-eab8-4038-a12a-345a9ec5627c,7672af8e-45f4-4130-bcdd-731f91155a5f",640f51f5ab4f26b8d4339b3f,915b3bae-f7af-4b38-a8c7-f079ee0901ce,scope,,,,,,,,0.035,12,true,0.42,
cf30ddca-c9f3-4dbe-a48c-382c20897927,Attribute,9908d376-9241-46f6-a693-bc04c024d0ba,Disposal and treatment of waste,,"4221f47d-717a-4272-ace9-43106a293d21,59a4fdb1-16f7-4de4-9153-e1e23c373a68,fb673a39-eab8-4038-a12a-345a9ec5627c,7672af8e-45f4-4130-bcdd-731f91155a5f",640f51f5ab4f26b8d4339b3f,e12deb30-bcc3-4b3a-84a6-7d5702d68b8e,scope,,,,,,,,0.035,12,true,0.42,
04312703-f452-415b-b832-d6b3786481d7,Transition,,,cf30ddca-c9f3-4dbe-a48c-382c20897927,4221f47d-717a-4272-ace9-43106a293d21,,,,,,,,,,,,,,,33.4
4d6a5aaf-b4d7-4b41-9a87-861e24acb390,Transition,,,cf30ddca-c9f3-4dbe-a48c-382c20897927,59a4fdb1-16f7-4de4-9153-e1e23c373a68,,,,,,,,,,,,,,,33.3
1fe2ee49-65ee-4424-992e-2559ef0ea08d,Transition,,,cf30ddca-c9f3-4dbe-a48c-382c20897927,fb673a39-eab8-4038-a12a-345a9ec5627c,,,,,,,,,,,,,,,33.3
d40a6f9b-f3c2-4d25-af5c-7e9509280eb6,Transition,,,cf30ddca-c9f3-4dbe-a48c-382c20897927,7672af8e-45f4-4130-bcdd-731f91155a5f,,,,,,,,,,,,,,,
aaa73488-0223-4ea2-8a1b-a21e048f9c8b,Object,791a062e-bafb-4a6f-8b8d-302a0d08a044,6. Business Travel,,,,,,,,,"The scope 1 and scope 2 emissions of transportation carriers that occur during use of vehicles (e.g., from energy use) 

• **Optional:** The life cycle emissions associated with manufacturing vehicles or infrastructure",Transportation of employees for business-related activities during the reporting year (in vehicles not owned or operated by the reporting company),=sum(descendants[totalCO2Unformatted]),,,,,,
79e417e1-c15b-41ea-8792-8116af087d80,Attribute,aaa73488-0223-4ea2-8a1b-a21e048f9c8b,Transportation of employees,,"4221f47d-717a-4272-ace9-43106a293d21,59a4fdb1-16f7-4de4-9153-e1e23c373a68,fb673a39-eab8-4038-a12a-345a9ec5627c,7672af8e-45f4-4130-bcdd-731f91155a5f",640f51f5ab4f26b8d4339b3f,915b3bae-f7af-4b38-a8c7-f079ee0901ce,scope,,,,,,,,0.001,3000,true,3.00,
79e417e1-c15b-41ea-8792-8116af087d80,Attribute,aaa73488-0223-4ea2-8a1b-a21e048f9c8b,Transportation of employees,,"4221f47d-717a-4272-ace9-43106a293d21,59a4fdb1-16f7-4de4-9153-e1e23c373a68,fb673a39-eab8-4038-a12a-345a9ec5627c,7672af8e-45f4-4130-bcdd-731f91155a5f",640f51f5ab4f26b8d4339b3f,e12deb30-bcc3-4b3a-84a6-7d5702d68b8e,scope,,,,,,,,0.001,3000,true,3.00,
5562b9dc-24dd-42bc-86bc-759ff789be63,Transition,,,79e417e1-c15b-41ea-8792-8116af087d80,4221f47d-717a-4272-ace9-43106a293d21,,,,,,,,,,,,,,,33.4
f20dcb6d-411a-48e7-97fb-d7905f5a39b3,Transition,,,79e417e1-c15b-41ea-8792-8116af087d80,59a4fdb1-16f7-4de4-9153-e1e23c373a68,,,,,,,,,,,,,,,33.3
d917b295-9a40-4107-bcfd-8c6c7b9c9c0b,Transition,,,79e417e1-c15b-41ea-8792-8116af087d80,fb673a39-eab8-4038-a12a-345a9ec5627c,,,,,,,,,,,,,,,33.3
5a179fda-4c51-4a47-804e-3ae7c4e94cbb,Transition,,,79e417e1-c15b-41ea-8792-8116af087d80,7672af8e-45f4-4130-bcdd-731f91155a5f,,,,,,,,,,,,,,,
12a6f3e9-93e1-4399-97f2-0f2a39c1b0f0,Object,791a062e-bafb-4a6f-8b8d-302a0d08a044,7. Employee  commuting,,,,,,,,,"The scope 1 and scope 2 emissions of employees and transportation providers that occur during use of vehicles (e.g., from energy use) 

**• Optional**: Emissions from employee teleworking",Transportation of employees between their homes and their worksites during the reporting year (in vehicles not owned or operated by the reporting company),=sum(descendants[totalCO2Unformatted]),,,,,,
5fd871fd-5e0e-4b6d-a9cd-d8d38400d309,Attribute,12a6f3e9-93e1-4399-97f2-0f2a39c1b0f0,Transportation of employees,,"4221f47d-717a-4272-ace9-43106a293d21,fb673a39-eab8-4038-a12a-345a9ec5627c,59a4fdb1-16f7-4de4-9153-e1e23c373a68,7672af8e-45f4-4130-bcdd-731f91155a5f",640f51f5ab4f26b8d4339b3f,915b3bae-f7af-4b38-a8c7-f079ee0901ce,scope,,,,,,,,0.001,5000,true,5.00,
5fd871fd-5e0e-4b6d-a9cd-d8d38400d309,Attribute,12a6f3e9-93e1-4399-97f2-0f2a39c1b0f0,Transportation of employees,,"4221f47d-717a-4272-ace9-43106a293d21,fb673a39-eab8-4038-a12a-345a9ec5627c,59a4fdb1-16f7-4de4-9153-e1e23c373a68,7672af8e-45f4-4130-bcdd-731f91155a5f",640f51f5ab4f26b8d4339b3f,e12deb30-bcc3-4b3a-84a6-7d5702d68b8e,scope,,,,,,,,0.001,5000,true,5.00,
043495b3-0d8e-4c54-869a-af519ca51732,Transition,,,5fd871fd-5e0e-4b6d-a9cd-d8d38400d309,4221f47d-717a-4272-ace9-43106a293d21,,,,,,,,,,,,,,,33.4
76a1b983-3ae0-44ac-8512-1665dafbbf5e,Transition,,,5fd871fd-5e0e-4b6d-a9cd-d8d38400d309,fb673a39-eab8-4038-a12a-345a9ec5627c,,,,,,,,,,,,,,,33.3
36becbab-24e1-4103-95a4-8a2f6eae7d40,Transition,,,5fd871fd-5e0e-4b6d-a9cd-d8d38400d309,59a4fdb1-16f7-4de4-9153-e1e23c373a68,,,,,,,,,,,,,,,33.3
76bced6b-0a72-44cf-9da4-64279d0ece15,Transition,,,5fd871fd-5e0e-4b6d-a9cd-d8d38400d309,7672af8e-45f4-4130-bcdd-731f91155a5f,,,,,,,,,,,,,,,
5ccdf70e-cac7-4d55-9062-26a1539cb02e,Object,791a062e-bafb-4a6f-8b8d-302a0d08a044,8. Upstream  leased assets,,,,,,,,,"The scope 1 and scope 2 emissions of lessors that occur during the reporting company’s operation of leased assets (e.g., from energy use) 

**• Optional: **The life cycle emissions associated with manufacturing or constructing leased assets",Operation of assets leased by the reporting company (lessee) in the reporting year and not included in scope 1 and scope 2 – reported by lessee,=sum(descendants[totalCO2Unformatted]),,,,,,
90620842-3d50-4dfe-87e5-306c53b68775,Attribute,5ccdf70e-cac7-4d55-9062-26a1539cb02e,Buildings,,"4221f47d-717a-4272-ace9-43106a293d21,59a4fdb1-16f7-4de4-9153-e1e23c373a68,fb673a39-eab8-4038-a12a-345a9ec5627c,7672af8e-45f4-4130-bcdd-731f91155a5f",640f51f5ab4f26b8d4339b3f,915b3bae-f7af-4b38-a8c7-f079ee0901ce,scope,,,,,,,,1,1,true,1.00,
90620842-3d50-4dfe-87e5-306c53b68775,Attribute,5ccdf70e-cac7-4d55-9062-26a1539cb02e,Buildings,,"4221f47d-717a-4272-ace9-43106a293d21,59a4fdb1-16f7-4de4-9153-e1e23c373a68,fb673a39-eab8-4038-a12a-345a9ec5627c,7672af8e-45f4-4130-bcdd-731f91155a5f",640f51f5ab4f26b8d4339b3f,e12deb30-bcc3-4b3a-84a6-7d5702d68b8e,scope,,,,,,,,1,1,true,1.00,
60f3a524-eb63-45a8-bd65-859d45dfc8d9,Transition,,,90620842-3d50-4dfe-87e5-306c53b68775,4221f47d-717a-4272-ace9-43106a293d21,,,,,,,,,,,,,,,33.4
a156a45f-e56b-4bd7-adab-b5ae72e69a6b,Transition,,,90620842-3d50-4dfe-87e5-306c53b68775,59a4fdb1-16f7-4de4-9153-e1e23c373a68,,,,,,,,,,,,,,,33.3
fed59f6b-ed8d-4ab5-8ac4-cb747f064884,Transition,,,90620842-3d50-4dfe-87e5-306c53b68775,fb673a39-eab8-4038-a12a-345a9ec5627c,,,,,,,,,,,,,,,33.3
3beadc06-7f1c-4825-af48-29d339ecad85,Transition,,,90620842-3d50-4dfe-87e5-306c53b68775,7672af8e-45f4-4130-bcdd-731f91155a5f,,,,,,,,,,,,,,,
c733ec19-f6ac-41ae-b4fc-ab1d6be46693,Attribute,5ccdf70e-cac7-4d55-9062-26a1539cb02e,Company Vehicles,,"4221f47d-717a-4272-ace9-43106a293d21,59a4fdb1-16f7-4de4-9153-e1e23c373a68,fb673a39-eab8-4038-a12a-345a9ec5627c,7672af8e-45f4-4130-bcdd-731f91155a5f",640f51f5ab4f26b8d4339b3f,915b3bae-f7af-4b38-a8c7-f079ee0901ce,scope,,,,,,,,1,3,true,3.00,
c733ec19-f6ac-41ae-b4fc-ab1d6be46693,Attribute,5ccdf70e-cac7-4d55-9062-26a1539cb02e,Company Vehicles,,"4221f47d-717a-4272-ace9-43106a293d21,59a4fdb1-16f7-4de4-9153-e1e23c373a68,fb673a39-eab8-4038-a12a-345a9ec5627c,7672af8e-45f4-4130-bcdd-731f91155a5f",640f51f5ab4f26b8d4339b3f,e12deb30-bcc3-4b3a-84a6-7d5702d68b8e,scope,,,,,,,,1,3,true,3.00,
d3fb4560-0488-4719-83b8-3b3c0f13ff10,Transition,,,c733ec19-f6ac-41ae-b4fc-ab1d6be46693,4221f47d-717a-4272-ace9-43106a293d21,,,,,,,,,,,,,,,33.4
dc7680ab-26bc-4d62-9c54-b23d96ba4ba0,Transition,,,c733ec19-f6ac-41ae-b4fc-ab1d6be46693,59a4fdb1-16f7-4de4-9153-e1e23c373a68,,,,,,,,,,,,,,,33.3
81b3e3c0-2fe1-4644-8bac-ee3554dc4ed9,Transition,,,c733ec19-f6ac-41ae-b4fc-ab1d6be46693,fb673a39-eab8-4038-a12a-345a9ec5627c,,,,,,,,,,,,,,,33.3
1131a7fe-0817-4605-95cd-b2391c6f9ef5,Transition,,,c733ec19-f6ac-41ae-b4fc-ab1d6be46693,7672af8e-45f4-4130-bcdd-731f91155a5f,,,,,,,,,,,,,,,
be5226c8-8f0d-422a-a38e-8e207545fba0,Layer,,Scope 2 Energy Suppliers,,,,,,,,=sum([Sum totalCO2]),,,,,,,,,
fc0de197-d2ac-48de-9072-f65c2817aac5,Object,be5226c8-8f0d-422a-a38e-8e207545fba0,Electricity,,,,,,,,,,,=sum(totalCO2Unformatted),,,,,,
9b734c0f-fd1f-4ceb-8b7d-47a33868b10c,Attribute,fc0de197-d2ac-48de-9072-f65c2817aac5,Scottish Power,,"59a4fdb1-16f7-4de4-9153-e1e23c373a68,fb673a39-eab8-4038-a12a-345a9ec5627c,4221f47d-717a-4272-ace9-43106a293d21,03f9457b-6ae4-41a9-bad3-f5a5cc0e8d0f",640f51f5ab4f26b8d4339b3f,3306ca22-f6de-4f58-bcbb-8c10fb7a86e8,scope,,,,,,,,0.225,5000,true,1125.00,
9b734c0f-fd1f-4ceb-8b7d-47a33868b10c,Attribute,fc0de197-d2ac-48de-9072-f65c2817aac5,Scottish Power,,"59a4fdb1-16f7-4de4-9153-e1e23c373a68,fb673a39-eab8-4038-a12a-345a9ec5627c,4221f47d-717a-4272-ace9-43106a293d21,03f9457b-6ae4-41a9-bad3-f5a5cc0e8d0f",640f51f5ab4f26b8d4339b3f,f6fa0bcb-c421-4120-802b-8e1dc469c95f,scope,,,,,,,,0.225,5000,true,1125.00,
a370d34b-f569-4985-9de0-315ea02d388b,Transition,,,9b734c0f-fd1f-4ceb-8b7d-47a33868b10c,59a4fdb1-16f7-4de4-9153-e1e23c373a68,,,,,,,,,,,,,,,10
e512bf0b-e1a1-486c-ad1f-34f92618bdfc,Transition,,,9b734c0f-fd1f-4ceb-8b7d-47a33868b10c,fb673a39-eab8-4038-a12a-345a9ec5627c,,,,,,,,,,,,,,,40
e6db2af1-8016-410f-9c9a-c3c9330b694f,Transition,,,9b734c0f-fd1f-4ceb-8b7d-47a33868b10c,4221f47d-717a-4272-ace9-43106a293d21,,,,,,,,,,,,,,,50
4dc337ab-015d-4f3a-b65f-069600b8ed50,Transition,,,9b734c0f-fd1f-4ceb-8b7d-47a33868b10c,03f9457b-6ae4-41a9-bad3-f5a5cc0e8d0f,,,,,,,,,,,,,,,
475541ff-a126-4e8f-ba8d-163092ee1c30,Attribute,fc0de197-d2ac-48de-9072-f65c2817aac5,Octopus Energy,,"59a4fdb1-16f7-4de4-9153-e1e23c373a68,fb673a39-eab8-4038-a12a-345a9ec5627c,03f9457b-6ae4-41a9-bad3-f5a5cc0e8d0f,4221f47d-717a-4272-ace9-43106a293d21",640f51f5ab4f26b8d4339b3f,3306ca22-f6de-4f58-bcbb-8c10fb7a86e8,scope,,,,,,,,0.225,7000,true,1575.00,
475541ff-a126-4e8f-ba8d-163092ee1c30,Attribute,fc0de197-d2ac-48de-9072-f65c2817aac5,Octopus Energy,,"59a4fdb1-16f7-4de4-9153-e1e23c373a68,fb673a39-eab8-4038-a12a-345a9ec5627c,03f9457b-6ae4-41a9-bad3-f5a5cc0e8d0f,4221f47d-717a-4272-ace9-43106a293d21",640f51f5ab4f26b8d4339b3f,f6fa0bcb-c421-4120-802b-8e1dc469c95f,scope,,,,,,,,0.225,7000,true,1575.00,
2e408857-6e1d-4eb6-a0ee-2459225262c8,Transition,,,475541ff-a126-4e8f-ba8d-163092ee1c30,59a4fdb1-16f7-4de4-9153-e1e23c373a68,,,,,,,,,,,,,,,10
7e753b26-1d91-474d-83fd-9b4da32f3ea5,Transition,,,475541ff-a126-4e8f-ba8d-163092ee1c30,fb673a39-eab8-4038-a12a-345a9ec5627c,,,,,,,,,,,,,,,40
36f10c8d-489f-47e5-a022-77cb23582b74,Transition,,,475541ff-a126-4e8f-ba8d-163092ee1c30,03f9457b-6ae4-41a9-bad3-f5a5cc0e8d0f,,,,,,,,,,,,,,,
0a56e2c0-8682-4604-99ee-e69deef24632,Transition,,,475541ff-a126-4e8f-ba8d-163092ee1c30,4221f47d-717a-4272-ace9-43106a293d21,,,,,,,,,,,,,,,50
d4eee777-5e55-49c9-9c48-8218a47f7e76,Object,be5226c8-8f0d-422a-a38e-8e207545fba0,Gas,,,,,,,,,,,=sum(totalCO2Unformatted),,,,,,
cd3ae980-6440-4d5a-91bb-535438c6adf1,Attribute,d4eee777-5e55-49c9-9c48-8218a47f7e76,British Gas,,"59a4fdb1-16f7-4de4-9153-e1e23c373a68,fb673a39-eab8-4038-a12a-345a9ec5627c,4221f47d-717a-4272-ace9-43106a293d21,03f9457b-6ae4-41a9-bad3-f5a5cc0e8d0f",640f51f5ab4f26b8d4339b3f,3306ca22-f6de-4f58-bcbb-8c10fb7a86e8,scope,,,,,,,,0.185,4000,true,740.00,
cd3ae980-6440-4d5a-91bb-535438c6adf1,Attribute,d4eee777-5e55-49c9-9c48-8218a47f7e76,British Gas,,"59a4fdb1-16f7-4de4-9153-e1e23c373a68,fb673a39-eab8-4038-a12a-345a9ec5627c,4221f47d-717a-4272-ace9-43106a293d21,03f9457b-6ae4-41a9-bad3-f5a5cc0e8d0f",640f51f5ab4f26b8d4339b3f,f6fa0bcb-c421-4120-802b-8e1dc469c95f,scope,,,,,,,,0.185,4000,true,740.00,
b4d38cbe-022a-4b1d-9e83-fb68d63a5c45,Transition,,,cd3ae980-6440-4d5a-91bb-535438c6adf1,59a4fdb1-16f7-4de4-9153-e1e23c373a68,,,,,,,,,,,,,,,10
caa112f9-a306-435b-a386-26d875f6a5ea,Transition,,,cd3ae980-6440-4d5a-91bb-535438c6adf1,fb673a39-eab8-4038-a12a-345a9ec5627c,,,,,,,,,,,,,,,40
3a901cb3-f469-4258-b4f0-d14a86eaa309,Transition,,,cd3ae980-6440-4d5a-91bb-535438c6adf1,4221f47d-717a-4272-ace9-43106a293d21,,,,,,,,,,,,,,,50
eecfce99-54dd-4fdc-ae9d-41fc2a784858,Transition,,,cd3ae980-6440-4d5a-91bb-535438c6adf1,03f9457b-6ae4-41a9-bad3-f5a5cc0e8d0f,,,,,,,,,,,,,,,
50399234-9779-4e30-90fc-3098f799b0dc,Attribute,d4eee777-5e55-49c9-9c48-8218a47f7e76,EDF,,"59a4fdb1-16f7-4de4-9153-e1e23c373a68,fb673a39-eab8-4038-a12a-345a9ec5627c,4221f47d-717a-4272-ace9-43106a293d21,03f9457b-6ae4-41a9-bad3-f5a5cc0e8d0f",640f51f5ab4f26b8d4339b3f,3306ca22-f6de-4f58-bcbb-8c10fb7a86e8,scope,,,,,,,,0.185,4000,true,740.00,
50399234-9779-4e30-90fc-3098f799b0dc,Attribute,d4eee777-5e55-49c9-9c48-8218a47f7e76,EDF,,"59a4fdb1-16f7-4de4-9153-e1e23c373a68,fb673a39-eab8-4038-a12a-345a9ec5627c,4221f47d-717a-4272-ace9-43106a293d21,03f9457b-6ae4-41a9-bad3-f5a5cc0e8d0f",640f51f5ab4f26b8d4339b3f,f6fa0bcb-c421-4120-802b-8e1dc469c95f,scope,,,,,,,,0.185,4000,true,740.00,
be25ffc1-492a-407e-a036-bf27f5108108,Transition,,,50399234-9779-4e30-90fc-3098f799b0dc,59a4fdb1-16f7-4de4-9153-e1e23c373a68,,,,,,,,,,,,,,,10
2cabd303-7c7f-4aa7-b234-664e9d43ae34,Transition,,,50399234-9779-4e30-90fc-3098f799b0dc,fb673a39-eab8-4038-a12a-345a9ec5627c,,,,,,,,,,,,,,,40
fa5391b5-0502-4cb1-8c96-52dfd7602394,Transition,,,50399234-9779-4e30-90fc-3098f799b0dc,4221f47d-717a-4272-ace9-43106a293d21,,,,,,,,,,,,,,,50
4c5e62a8-d16a-432a-b7cf-697fc67937ca,Transition,,,50399234-9779-4e30-90fc-3098f799b0dc,03f9457b-6ae4-41a9-bad3-f5a5cc0e8d0f,,,,,,,,,,,,,,,
3a005182-1cdf-4a30-8d05-890df7c51bde,Layer,,Scope 1 Reporting Company,,,,,,,,=sum([Sum totalCO2]),,,,,,,,,
8c7ee9b1-4ade-4d8c-9842-ceba1e53f85b,Object,3a005182-1cdf-4a30-8d05-890df7c51bde,Energy Usage,,,,,,,,,,,=sum(totalCO2Unformatted),,,,,,
eb6c5e2b-fddd-49c4-a5b7-844cbe02e94b,Attribute,8c7ee9b1-4ade-4d8c-9842-ceba1e53f85b,Gas,,"d8b486f1-205d-4038-8aca-4567c99fe3ed,59a4fdb1-16f7-4de4-9153-e1e23c373a68,fb673a39-eab8-4038-a12a-345a9ec5627c,4221f47d-717a-4272-ace9-43106a293d21",640f51f5ab4f26b8d4339b3f,2a3dd08d-560b-47b5-914b-85ca383d5e06,scope,,,,,,,,.2,8000,true,1600.00,
eb6c5e2b-fddd-49c4-a5b7-844cbe02e94b,Attribute,8c7ee9b1-4ade-4d8c-9842-ceba1e53f85b,Gas,,"d8b486f1-205d-4038-8aca-4567c99fe3ed,59a4fdb1-16f7-4de4-9153-e1e23c373a68,fb673a39-eab8-4038-a12a-345a9ec5627c,4221f47d-717a-4272-ace9-43106a293d21",640f51f5ab4f26b8d4339b3f,ab097455-4c60-404f-933d-111e0e613e17,scope,,,,,,,,.2,8000,true,1600.00,
c962cb2a-eed7-4cd3-8a5b-26ea5db29ff6,Transition,,,eb6c5e2b-fddd-49c4-a5b7-844cbe02e94b,d8b486f1-205d-4038-8aca-4567c99fe3ed,,,,,,,,,,,,,,,
429f0cc1-775d-420e-9972-f45b129e043f,Transition,,,eb6c5e2b-fddd-49c4-a5b7-844cbe02e94b,59a4fdb1-16f7-4de4-9153-e1e23c373a68,,,,,,,,,,,,,,,10
60058573-7389-4a51-baa7-0d64631195a3,Transition,,,eb6c5e2b-fddd-49c4-a5b7-844cbe02e94b,fb673a39-eab8-4038-a12a-345a9ec5627c,,,,,,,,,,,,,,,40
1a648873-89da-4d73-ae8f-7c13411cec5e,Transition,,,eb6c5e2b-fddd-49c4-a5b7-844cbe02e94b,4221f47d-717a-4272-ace9-43106a293d21,,,,,,,,,,,,,,,50
4f453551-4fa3-40cd-b9b0-2548d22f3005,Attribute,8c7ee9b1-4ade-4d8c-9842-ceba1e53f85b,Steam,,"d8b486f1-205d-4038-8aca-4567c99fe3ed,fb673a39-eab8-4038-a12a-345a9ec5627c,4221f47d-717a-4272-ace9-43106a293d21,59a4fdb1-16f7-4de4-9153-e1e23c373a68",640f51f5ab4f26b8d4339b3f,2a3dd08d-560b-47b5-914b-85ca383d5e06,scope,,,,,,,,.4,1000,true,400.00,
4f453551-4fa3-40cd-b9b0-2548d22f3005,Attribute,8c7ee9b1-4ade-4d8c-9842-ceba1e53f85b,Steam,,"d8b486f1-205d-4038-8aca-4567c99fe3ed,fb673a39-eab8-4038-a12a-345a9ec5627c,4221f47d-717a-4272-ace9-43106a293d21,59a4fdb1-16f7-4de4-9153-e1e23c373a68",640f51f5ab4f26b8d4339b3f,ab097455-4c60-404f-933d-111e0e613e17,scope,,,,,,,,.4,1000,true,400.00,
6921c976-259a-45b2-92b5-06399996fd0f,Transition,,,4f453551-4fa3-40cd-b9b0-2548d22f3005,d8b486f1-205d-4038-8aca-4567c99fe3ed,,,,,,,,,,,,,,,
0949081f-55a1-4631-b39b-d71684b45b75,Transition,,,4f453551-4fa3-40cd-b9b0-2548d22f3005,fb673a39-eab8-4038-a12a-345a9ec5627c,,,,,,,,,,,,,,,40
c87f745d-82e4-4a66-81be-e9ffc5f1a2b8,Transition,,,4f453551-4fa3-40cd-b9b0-2548d22f3005,4221f47d-717a-4272-ace9-43106a293d21,,,,,,,,,,,,,,,50
2fe9c27d-c24d-48bd-98ef-8816c03ef23d,Transition,,,4f453551-4fa3-40cd-b9b0-2548d22f3005,59a4fdb1-16f7-4de4-9153-e1e23c373a68,,,,,,,,,,,,,,,10
30d7ea8c-4a85-4fee-bc72-f550d2637a66,Attribute,8c7ee9b1-4ade-4d8c-9842-ceba1e53f85b,Heating,,"fb673a39-eab8-4038-a12a-345a9ec5627c,4221f47d-717a-4272-ace9-43106a293d21,d8b486f1-205d-4038-8aca-4567c99fe3ed,59a4fdb1-16f7-4de4-9153-e1e23c373a68",640f51f5ab4f26b8d4339b3f,2a3dd08d-560b-47b5-914b-85ca383d5e06,scope,,,,,,,,.2,300,true,60.00,
30d7ea8c-4a85-4fee-bc72-f550d2637a66,Attribute,8c7ee9b1-4ade-4d8c-9842-ceba1e53f85b,Heating,,"fb673a39-eab8-4038-a12a-345a9ec5627c,4221f47d-717a-4272-ace9-43106a293d21,d8b486f1-205d-4038-8aca-4567c99fe3ed,59a4fdb1-16f7-4de4-9153-e1e23c373a68",640f51f5ab4f26b8d4339b3f,ab097455-4c60-404f-933d-111e0e613e17,scope,,,,,,,,.2,300,true,60.00,
9b6aa751-ba91-473f-80b6-5ad55457a7b6,Transition,,,30d7ea8c-4a85-4fee-bc72-f550d2637a66,fb673a39-eab8-4038-a12a-345a9ec5627c,,,,,,,,,,,,,,,33.3
2d39a835-9898-4076-9d86-3535df4b8c63,Transition,,,30d7ea8c-4a85-4fee-bc72-f550d2637a66,4221f47d-717a-4272-ace9-43106a293d21,,,,,,,,,,,,,,,33.4
28947461-2037-4389-af76-47f18f483a23,Transition,,,30d7ea8c-4a85-4fee-bc72-f550d2637a66,d8b486f1-205d-4038-8aca-4567c99fe3ed,,,,,,,,,,,,,,,
0a662dee-a13d-47b2-a923-998394a737da,Transition,,,30d7ea8c-4a85-4fee-bc72-f550d2637a66,59a4fdb1-16f7-4de4-9153-e1e23c373a68,,,,,,,,,,,,,,,33.3
51d79c79-8e4b-4e6f-9b89-3851a9c9d031,Attribute,8c7ee9b1-4ade-4d8c-9842-ceba1e53f85b,Airconditioning,,"fb673a39-eab8-4038-a12a-345a9ec5627c,4221f47d-717a-4272-ace9-43106a293d21,d8b486f1-205d-4038-8aca-4567c99fe3ed,59a4fdb1-16f7-4de4-9153-e1e23c373a68",640f51f5ab4f26b8d4339b3f,2a3dd08d-560b-47b5-914b-85ca383d5e06,scope,,,,,,,,.3,365,true,109.50,
51d79c79-8e4b-4e6f-9b89-3851a9c9d031,Attribute,8c7ee9b1-4ade-4d8c-9842-ceba1e53f85b,Airconditioning,,"fb673a39-eab8-4038-a12a-345a9ec5627c,4221f47d-717a-4272-ace9-43106a293d21,d8b486f1-205d-4038-8aca-4567c99fe3ed,59a4fdb1-16f7-4de4-9153-e1e23c373a68",640f51f5ab4f26b8d4339b3f,ab097455-4c60-404f-933d-111e0e613e17,scope,,,,,,,,.3,365,true,109.50,
6cf9c284-96b5-40db-b9bd-6efb18c440c8,Transition,,,51d79c79-8e4b-4e6f-9b89-3851a9c9d031,fb673a39-eab8-4038-a12a-345a9ec5627c,,,,,,,,,,,,,,,33.3
97033be8-e912-4cc8-b91f-db953fc2485b,Transition,,,51d79c79-8e4b-4e6f-9b89-3851a9c9d031,4221f47d-717a-4272-ace9-43106a293d21,,,,,,,,,,,,,,,33.4
77d31211-22f4-4780-862a-800649bf6eb7,Transition,,,51d79c79-8e4b-4e6f-9b89-3851a9c9d031,d8b486f1-205d-4038-8aca-4567c99fe3ed,,,,,,,,,,,,,,,
1cf47a6b-c1fe-4960-b5f8-fc3daffd7600,Transition,,,51d79c79-8e4b-4e6f-9b89-3851a9c9d031,59a4fdb1-16f7-4de4-9153-e1e23c373a68,,,,,,,,,,,,,,,33.3
da994568-7073-40ae-b8b5-c7adb1ed7678,Object,3a005182-1cdf-4a30-8d05-890df7c51bde,Staff,,,,,,,,,,,=sum(totalCO2Unformatted),,,,,,
4ae5bf72-012c-43ab-877f-1ec99550b419,Attribute,da994568-7073-40ae-b8b5-c7adb1ed7678,Designers,,"fb673a39-eab8-4038-a12a-345a9ec5627c,4221f47d-717a-4272-ace9-43106a293d21,59a4fdb1-16f7-4de4-9153-e1e23c373a68,d8b486f1-205d-4038-8aca-4567c99fe3ed",640f51f5ab4f26b8d4339b3f,2a3dd08d-560b-47b5-914b-85ca383d5e06,scope,,,,,,,,0.001,10,true,0.01,
4ae5bf72-012c-43ab-877f-1ec99550b419,Attribute,da994568-7073-40ae-b8b5-c7adb1ed7678,Designers,,"fb673a39-eab8-4038-a12a-345a9ec5627c,4221f47d-717a-4272-ace9-43106a293d21,59a4fdb1-16f7-4de4-9153-e1e23c373a68,d8b486f1-205d-4038-8aca-4567c99fe3ed",640f51f5ab4f26b8d4339b3f,ab097455-4c60-404f-933d-111e0e613e17,scope,,,,,,,,0.001,10,true,0.01,
f84c8f37-e230-4cac-9a54-bc2ca67f62c8,Transition,,,4ae5bf72-012c-43ab-877f-1ec99550b419,fb673a39-eab8-4038-a12a-345a9ec5627c,,,,,,,,,,,,,,,33.3
78ba8b8c-4b1b-45c0-9f9c-945fbfe866c4,Transition,,,4ae5bf72-012c-43ab-877f-1ec99550b419,4221f47d-717a-4272-ace9-43106a293d21,,,,,,,,,,,,,,,33.4
709a0311-3094-48c8-acbe-b04e59d5f45c,Transition,,,4ae5bf72-012c-43ab-877f-1ec99550b419,59a4fdb1-16f7-4de4-9153-e1e23c373a68,,,,,,,,,,,,,,,33.3
e5b92c48-6e51-4b02-bd24-78b039d3caf9,Transition,,,4ae5bf72-012c-43ab-877f-1ec99550b419,d8b486f1-205d-4038-8aca-4567c99fe3ed,,,,,,,,,,,,,,,
d5622bef-2b93-4dba-bfc4-3530892a7580,Attribute,da994568-7073-40ae-b8b5-c7adb1ed7678,Manager,,"fb673a39-eab8-4038-a12a-345a9ec5627c,59a4fdb1-16f7-4de4-9153-e1e23c373a68,4221f47d-717a-4272-ace9-43106a293d21,d8b486f1-205d-4038-8aca-4567c99fe3ed",640f51f5ab4f26b8d4339b3f,2a3dd08d-560b-47b5-914b-85ca383d5e06,scope,,,,,,,,0.001,2,true,0.00,
d5622bef-2b93-4dba-bfc4-3530892a7580,Attribute,da994568-7073-40ae-b8b5-c7adb1ed7678,Manager,,"fb673a39-eab8-4038-a12a-345a9ec5627c,59a4fdb1-16f7-4de4-9153-e1e23c373a68,4221f47d-717a-4272-ace9-43106a293d21,d8b486f1-205d-4038-8aca-4567c99fe3ed",640f51f5ab4f26b8d4339b3f,ab097455-4c60-404f-933d-111e0e613e17,scope,,,,,,,,0.001,2,true,0.00,
e6289a0c-8eef-43a2-a308-9ca29f798ed4,Transition,,,d5622bef-2b93-4dba-bfc4-3530892a7580,fb673a39-eab8-4038-a12a-345a9ec5627c,,,,,,,,,,,,,,,33.3
c1388741-3972-4d63-b9bd-5f0b30d5528c,Transition,,,d5622bef-2b93-4dba-bfc4-3530892a7580,59a4fdb1-16f7-4de4-9153-e1e23c373a68,,,,,,,,,,,,,,,33.3
79d3bf85-cbf0-4f7e-8974-ae6b088c9920,Transition,,,d5622bef-2b93-4dba-bfc4-3530892a7580,4221f47d-717a-4272-ace9-43106a293d21,,,,,,,,,,,,,,,33.4
e680afc6-fa12-4a10-9523-5771cb63227b,Transition,,,d5622bef-2b93-4dba-bfc4-3530892a7580,d8b486f1-205d-4038-8aca-4567c99fe3ed,,,,,,,,,,,,,,,
eafc8771-6405-472e-99ec-c50b8a2f1eca,Attribute,da994568-7073-40ae-b8b5-c7adb1ed7678,Print handler,,"fb673a39-eab8-4038-a12a-345a9ec5627c,4221f47d-717a-4272-ace9-43106a293d21,59a4fdb1-16f7-4de4-9153-e1e23c373a68,d8b486f1-205d-4038-8aca-4567c99fe3ed",640f51f5ab4f26b8d4339b3f,2a3dd08d-560b-47b5-914b-85ca383d5e06,scope,,,,,,,,0.001,3,true,0.00,
eafc8771-6405-472e-99ec-c50b8a2f1eca,Attribute,da994568-7073-40ae-b8b5-c7adb1ed7678,Print handler,,"fb673a39-eab8-4038-a12a-345a9ec5627c,4221f47d-717a-4272-ace9-43106a293d21,59a4fdb1-16f7-4de4-9153-e1e23c373a68,d8b486f1-205d-4038-8aca-4567c99fe3ed",640f51f5ab4f26b8d4339b3f,ab097455-4c60-404f-933d-111e0e613e17,scope,,,,,,,,0.001,3,true,0.00,
fed7ae0c-7f92-412e-bc2d-613a011d842f,Transition,,,eafc8771-6405-472e-99ec-c50b8a2f1eca,fb673a39-eab8-4038-a12a-345a9ec5627c,,,,,,,,,,,,,,,33.3
8e1e79bd-d668-4d07-a221-59d55303d611,Transition,,,eafc8771-6405-472e-99ec-c50b8a2f1eca,4221f47d-717a-4272-ace9-43106a293d21,,,,,,,,,,,,,,,33.4
d078dad6-c5ec-46f7-bc41-4cf223e94940,Transition,,,eafc8771-6405-472e-99ec-c50b8a2f1eca,59a4fdb1-16f7-4de4-9153-e1e23c373a68,,,,,,,,,,,,,,,33.3
ae893649-f101-4626-b062-7841555911e3,Transition,,,eafc8771-6405-472e-99ec-c50b8a2f1eca,d8b486f1-205d-4038-8aca-4567c99fe3ed,,,,,,,,,,,,,,,
10404715-13fd-427c-9d37-54d6d2bb292f,Attribute,da994568-7073-40ae-b8b5-c7adb1ed7678,Sales,,"fb673a39-eab8-4038-a12a-345a9ec5627c,4221f47d-717a-4272-ace9-43106a293d21,59a4fdb1-16f7-4de4-9153-e1e23c373a68,d8b486f1-205d-4038-8aca-4567c99fe3ed",640f51f5ab4f26b8d4339b3f,2a3dd08d-560b-47b5-914b-85ca383d5e06,scope,,,,,,,,0.001,10,true,0.01,
10404715-13fd-427c-9d37-54d6d2bb292f,Attribute,da994568-7073-40ae-b8b5-c7adb1ed7678,Sales,,"fb673a39-eab8-4038-a12a-345a9ec5627c,4221f47d-717a-4272-ace9-43106a293d21,59a4fdb1-16f7-4de4-9153-e1e23c373a68,d8b486f1-205d-4038-8aca-4567c99fe3ed",640f51f5ab4f26b8d4339b3f,ab097455-4c60-404f-933d-111e0e613e17,scope,,,,,,,,0.001,10,true,0.01,
a8d91830-8edb-4767-890e-1afce9995d7e,Transition,,,10404715-13fd-427c-9d37-54d6d2bb292f,fb673a39-eab8-4038-a12a-345a9ec5627c,,,,,,,,,,,,,,,33.3
a39d7962-887c-4b50-bca4-af1f13b59d1e,Transition,,,10404715-13fd-427c-9d37-54d6d2bb292f,4221f47d-717a-4272-ace9-43106a293d21,,,,,,,,,,,,,,,33.4
0e97e329-5471-4430-9711-b43a1c54686b,Transition,,,10404715-13fd-427c-9d37-54d6d2bb292f,59a4fdb1-16f7-4de4-9153-e1e23c373a68,,,,,,,,,,,,,,,33.3
95bcbaab-ab1f-4595-9a16-1119e64ade9b,Transition,,,10404715-13fd-427c-9d37-54d6d2bb292f,d8b486f1-205d-4038-8aca-4567c99fe3ed,,,,,,,,,,,,,,,
1584d805-9f63-4d73-aec6-e34b989392d3,Object,3a005182-1cdf-4a30-8d05-890df7c51bde,Plant,,,,,,,,,,,=sum(totalCO2Unformatted),,,,,,
2e5cb771-bf38-4f98-9e51-3691a3b33773,Attribute,1584d805-9f63-4d73-aec6-e34b989392d3,Printer,,"4221f47d-717a-4272-ace9-43106a293d21,fb673a39-eab8-4038-a12a-345a9ec5627c,d8b486f1-205d-4038-8aca-4567c99fe3ed,59a4fdb1-16f7-4de4-9153-e1e23c373a68",640f51f5ab4f26b8d4339b3f,2a3dd08d-560b-47b5-914b-85ca383d5e06,scope,,,,,,,,0.5,1,true,0.50,
2e5cb771-bf38-4f98-9e51-3691a3b33773,Attribute,1584d805-9f63-4d73-aec6-e34b989392d3,Printer,,"4221f47d-717a-4272-ace9-43106a293d21,fb673a39-eab8-4038-a12a-345a9ec5627c,d8b486f1-205d-4038-8aca-4567c99fe3ed,59a4fdb1-16f7-4de4-9153-e1e23c373a68",640f51f5ab4f26b8d4339b3f,ab097455-4c60-404f-933d-111e0e613e17,scope,,,,,,,,0.5,1,true,0.50,
0f33d8a7-6c8d-429d-9b7c-6d2f52131c48,Transition,,,2e5cb771-bf38-4f98-9e51-3691a3b33773,4221f47d-717a-4272-ace9-43106a293d21,,,,,,,,,,,,,,,50
2f2baf33-97ed-42ef-ad32-59d4c80997a3,Transition,,,2e5cb771-bf38-4f98-9e51-3691a3b33773,fb673a39-eab8-4038-a12a-345a9ec5627c,,,,,,,,,,,,,,,40
b53614d7-d55c-4e5b-89e6-83f3a350cc0b,Transition,,,2e5cb771-bf38-4f98-9e51-3691a3b33773,d8b486f1-205d-4038-8aca-4567c99fe3ed,,,,,,,,,,,,,,,
21445ba6-95a2-49d5-ba9f-1a2c0d857315,Transition,,,2e5cb771-bf38-4f98-9e51-3691a3b33773,59a4fdb1-16f7-4de4-9153-e1e23c373a68,,,,,,,,,,,,,,,10
ff746a7f-f93c-4ab7-90f7-f16c00c55f97,Attribute,1584d805-9f63-4d73-aec6-e34b989392d3,Building,,"59a4fdb1-16f7-4de4-9153-e1e23c373a68,fb673a39-eab8-4038-a12a-345a9ec5627c,4221f47d-717a-4272-ace9-43106a293d21,d8b486f1-205d-4038-8aca-4567c99fe3ed",640f51f5ab4f26b8d4339b3f,2a3dd08d-560b-47b5-914b-85ca383d5e06,scope,,,,,,,,0.001,1,true,0.00,
ff746a7f-f93c-4ab7-90f7-f16c00c55f97,Attribute,1584d805-9f63-4d73-aec6-e34b989392d3,Building,,"59a4fdb1-16f7-4de4-9153-e1e23c373a68,fb673a39-eab8-4038-a12a-345a9ec5627c,4221f47d-717a-4272-ace9-43106a293d21,d8b486f1-205d-4038-8aca-4567c99fe3ed",640f51f5ab4f26b8d4339b3f,ab097455-4c60-404f-933d-111e0e613e17,scope,,,,,,,,0.001,1,true,0.00,
a42858c0-fabc-40bd-9021-8ed54d2140e8,Transition,,,ff746a7f-f93c-4ab7-90f7-f16c00c55f97,59a4fdb1-16f7-4de4-9153-e1e23c373a68,,,,,,,,,,,,,,,33.3
d8209afe-fe52-4245-b98b-ecb2f05f099c,Transition,,,ff746a7f-f93c-4ab7-90f7-f16c00c55f97,fb673a39-eab8-4038-a12a-345a9ec5627c,,,,,,,,,,,,,,,33.3
fece97fd-9aaa-426e-9406-04f2a1390983,Transition,,,ff746a7f-f93c-4ab7-90f7-f16c00c55f97,4221f47d-717a-4272-ace9-43106a293d21,,,,,,,,,,,,,,,33.4
69ca6bef-f22c-4bf5-9d27-db28a37ea750,Transition,,,ff746a7f-f93c-4ab7-90f7-f16c00c55f97,d8b486f1-205d-4038-8aca-4567c99fe3ed,,,,,,,,,,,,,,,
52583a30-82ae-4eff-830a-7359a7b5457e,Attribute,1584d805-9f63-4d73-aec6-e34b989392d3,Company Vehicles,,"59a4fdb1-16f7-4de4-9153-e1e23c373a68,fb673a39-eab8-4038-a12a-345a9ec5627c,4221f47d-717a-4272-ace9-43106a293d21,d8b486f1-205d-4038-8aca-4567c99fe3ed",640f51f5ab4f26b8d4339b3f,2a3dd08d-560b-47b5-914b-85ca383d5e06,scope,,,,,,,,0.9,3,true,2.70,
52583a30-82ae-4eff-830a-7359a7b5457e,Attribute,1584d805-9f63-4d73-aec6-e34b989392d3,Company Vehicles,,"59a4fdb1-16f7-4de4-9153-e1e23c373a68,fb673a39-eab8-4038-a12a-345a9ec5627c,4221f47d-717a-4272-ace9-43106a293d21,d8b486f1-205d-4038-8aca-4567c99fe3ed",640f51f5ab4f26b8d4339b3f,ab097455-4c60-404f-933d-111e0e613e17,scope,,,,,,,,0.9,3,true,2.70,
649560d3-3f89-4998-abdd-787b144bdd94,Transition,,,52583a30-82ae-4eff-830a-7359a7b5457e,59a4fdb1-16f7-4de4-9153-e1e23c373a68,,,,,,,,,,,,,,,33.3
02dc8960-9f52-4a3e-b753-ffc889e4c451,Transition,,,52583a30-82ae-4eff-830a-7359a7b5457e,fb673a39-eab8-4038-a12a-345a9ec5627c,,,,,,,,,,,,,,,33.3
aa31039a-6ca0-445c-9e34-fba4e79c5e5a,Transition,,,52583a30-82ae-4eff-830a-7359a7b5457e,4221f47d-717a-4272-ace9-43106a293d21,,,,,,,,,,,,,,,33.4
e5476241-e64c-4a87-bf8e-528de9bcc3ae,Transition,,,52583a30-82ae-4eff-830a-7359a7b5457e,d8b486f1-205d-4038-8aca-4567c99fe3ed,,,,,,,,,,,,,,,
351c68ad-ef6a-4800-9f65-05c3e584a885,Layer,,Scope 3 Downstream Activities,,,,,,,,=sum([Sum totalCO2]),,,,,,,,,
f7ab78ef-2ac4-43c4-b055-c8ae53386096,Object,351c68ad-ef6a-4800-9f65-05c3e584a885,9. Downstream  transportation  and distribution,,,,,,,,,"The scope 1 and scope 2 emissions of transportation providers, distributors, and retailers that occur during use of vehicles and facilities (e.g., from energy use) 

**• Optional:** The life cycle emissions associated with manufacturing vehicles, facilities, or infrastructure","Transportation and distribution of products sold by the reporting company in the reporting year between the reporting company’s operations and the end consumer (if not paid for by the reporting company), including retail and storage (in vehicles and facilities not owned or controlled by the reporting company)",=sum(totalCO2Unformatted),,,,,,
e6d688e9-1655-4e78-a17f-b59ffd22387f,Attribute,f7ab78ef-2ac4-43c4-b055-c8ae53386096,Big Rig Couriers,,"4221f47d-717a-4272-ace9-43106a293d21,59a4fdb1-16f7-4de4-9153-e1e23c373a68,bc402647-cd39-4eab-9d0a-580138663c38,fb673a39-eab8-4038-a12a-345a9ec5627c",640f51f5ab4f26b8d4339b3f,915b3bae-f7af-4b38-a8c7-f079ee0901ce,scope,,,,,,,,.01,300,true,3.00,
e6d688e9-1655-4e78-a17f-b59ffd22387f,Attribute,f7ab78ef-2ac4-43c4-b055-c8ae53386096,Big Rig Couriers,,"4221f47d-717a-4272-ace9-43106a293d21,59a4fdb1-16f7-4de4-9153-e1e23c373a68,bc402647-cd39-4eab-9d0a-580138663c38,fb673a39-eab8-4038-a12a-345a9ec5627c",640f51f5ab4f26b8d4339b3f,e12deb30-bcc3-4b3a-84a6-7d5702d68b8e,scope,,,,,,,,.01,300,true,3.00,
ed3a9d81-3d14-427b-a7db-43c48a690c25,Transition,,,e6d688e9-1655-4e78-a17f-b59ffd22387f,4221f47d-717a-4272-ace9-43106a293d21,,,,,,,,,,,,,,,33.4
cbe82ddb-2233-428e-b066-75da210bfd8d,Transition,,,e6d688e9-1655-4e78-a17f-b59ffd22387f,59a4fdb1-16f7-4de4-9153-e1e23c373a68,,,,,,,,,,,,,,,33.3
3a098929-2a88-4d22-8579-9444d53cf4ce,Transition,,,e6d688e9-1655-4e78-a17f-b59ffd22387f,bc402647-cd39-4eab-9d0a-580138663c38,,,,,,,,,,,,,,,
91ff42da-afad-4f24-b4de-f4ccf8a28f8b,Transition,,,e6d688e9-1655-4e78-a17f-b59ffd22387f,fb673a39-eab8-4038-a12a-345a9ec5627c,,,,,,,,,,,,,,,33.3
c2c44281-9f17-4be0-baf1-76f029f6a66a,Attribute,f7ab78ef-2ac4-43c4-b055-c8ae53386096,Really Quick Deliveries,,"4221f47d-717a-4272-ace9-43106a293d21,59a4fdb1-16f7-4de4-9153-e1e23c373a68,bc402647-cd39-4eab-9d0a-580138663c38,fb673a39-eab8-4038-a12a-345a9ec5627c",640f51f5ab4f26b8d4339b3f,915b3bae-f7af-4b38-a8c7-f079ee0901ce,scope,,,,,,,,.01,300,true,3.00,
c2c44281-9f17-4be0-baf1-76f029f6a66a,Attribute,f7ab78ef-2ac4-43c4-b055-c8ae53386096,Really Quick Deliveries,,"4221f47d-717a-4272-ace9-43106a293d21,59a4fdb1-16f7-4de4-9153-e1e23c373a68,bc402647-cd39-4eab-9d0a-580138663c38,fb673a39-eab8-4038-a12a-345a9ec5627c",640f51f5ab4f26b8d4339b3f,e12deb30-bcc3-4b3a-84a6-7d5702d68b8e,scope,,,,,,,,.01,300,true,3.00,
6656ae8f-a4ca-4b77-96bf-563833ad6394,Transition,,,c2c44281-9f17-4be0-baf1-76f029f6a66a,4221f47d-717a-4272-ace9-43106a293d21,,,,,,,,,,,,,,,33.4
3bed8e49-8cb6-43d5-b951-cde6e68fb163,Transition,,,c2c44281-9f17-4be0-baf1-76f029f6a66a,59a4fdb1-16f7-4de4-9153-e1e23c373a68,,,,,,,,,,,,,,,33.3
9949d6ca-4917-488f-b1d7-efc7a67b0848,Transition,,,c2c44281-9f17-4be0-baf1-76f029f6a66a,bc402647-cd39-4eab-9d0a-580138663c38,,,,,,,,,,,,,,,
1fa5d907-17e6-44ce-bd8f-9949d4183708,Transition,,,c2c44281-9f17-4be0-baf1-76f029f6a66a,fb673a39-eab8-4038-a12a-345a9ec5627c,,,,,,,,,,,,,,,33.3
981177f7-a712-44c2-8937-8ff24c164b00,Attribute,f7ab78ef-2ac4-43c4-b055-c8ae53386096,Rail Freighters,,"4221f47d-717a-4272-ace9-43106a293d21,59a4fdb1-16f7-4de4-9153-e1e23c373a68,bc402647-cd39-4eab-9d0a-580138663c38,fb673a39-eab8-4038-a12a-345a9ec5627c",640f51f5ab4f26b8d4339b3f,915b3bae-f7af-4b38-a8c7-f079ee0901ce,scope,,,,,,,,.01,300,true,3.00,
981177f7-a712-44c2-8937-8ff24c164b00,Attribute,f7ab78ef-2ac4-43c4-b055-c8ae53386096,Rail Freighters,,"4221f47d-717a-4272-ace9-43106a293d21,59a4fdb1-16f7-4de4-9153-e1e23c373a68,bc402647-cd39-4eab-9d0a-580138663c38,fb673a39-eab8-4038-a12a-345a9ec5627c",640f51f5ab4f26b8d4339b3f,e12deb30-bcc3-4b3a-84a6-7d5702d68b8e,scope,,,,,,,,.01,300,true,3.00,
eaad116f-23b5-483c-97ba-7b0fd0013b0b,Transition,,,981177f7-a712-44c2-8937-8ff24c164b00,4221f47d-717a-4272-ace9-43106a293d21,,,,,,,,,,,,,,,33.4
8ff89155-caf7-4bb2-8212-39557270d87d,Transition,,,981177f7-a712-44c2-8937-8ff24c164b00,59a4fdb1-16f7-4de4-9153-e1e23c373a68,,,,,,,,,,,,,,,33.3
a765f5c4-947f-494a-9bb2-43e306c96a69,Transition,,,981177f7-a712-44c2-8937-8ff24c164b00,bc402647-cd39-4eab-9d0a-580138663c38,,,,,,,,,,,,,,,
67a7b102-3999-4518-9e49-6884e1c706f9,Transition,,,981177f7-a712-44c2-8937-8ff24c164b00,fb673a39-eab8-4038-a12a-345a9ec5627c,,,,,,,,,,,,,,,33.3
9826622c-3186-4514-921a-cac857245f15,Attribute,f7ab78ef-2ac4-43c4-b055-c8ae53386096,Fast Rail,,"4221f47d-717a-4272-ace9-43106a293d21,59a4fdb1-16f7-4de4-9153-e1e23c373a68,bc402647-cd39-4eab-9d0a-580138663c38,fb673a39-eab8-4038-a12a-345a9ec5627c",640f51f5ab4f26b8d4339b3f,915b3bae-f7af-4b38-a8c7-f079ee0901ce,scope,,,,,,,,.01,300,true,3.00,
9826622c-3186-4514-921a-cac857245f15,Attribute,f7ab78ef-2ac4-43c4-b055-c8ae53386096,Fast Rail,,"4221f47d-717a-4272-ace9-43106a293d21,59a4fdb1-16f7-4de4-9153-e1e23c373a68,bc402647-cd39-4eab-9d0a-580138663c38,fb673a39-eab8-4038-a12a-345a9ec5627c",640f51f5ab4f26b8d4339b3f,e12deb30-bcc3-4b3a-84a6-7d5702d68b8e,scope,,,,,,,,.01,300,true,3.00,
e803621c-1754-4635-bf98-d3ec85b3f5b0,Transition,,,9826622c-3186-4514-921a-cac857245f15,4221f47d-717a-4272-ace9-43106a293d21,,,,,,,,,,,,,,,33.4
9e521bca-0b74-4284-9c08-b23be369aa0b,Transition,,,9826622c-3186-4514-921a-cac857245f15,59a4fdb1-16f7-4de4-9153-e1e23c373a68,,,,,,,,,,,,,,,33.3
a0e61f64-8ea7-450d-9e11-3474a33c1568,Transition,,,9826622c-3186-4514-921a-cac857245f15,bc402647-cd39-4eab-9d0a-580138663c38,,,,,,,,,,,,,,,
1cdf7bce-8d28-4f9a-beeb-6d3693e2bf91,Transition,,,9826622c-3186-4514-921a-cac857245f15,fb673a39-eab8-4038-a12a-345a9ec5627c,,,,,,,,,,,,,,,33.3
e74cea28-5c1f-4035-a2fc-d3cd1b933474,Object,351c68ad-ef6a-4800-9f65-05c3e584a885,10. Processing of  sold products,,,,,,,,,"The scope 1 and scope 2 emissions  of downstream companies that  occur during processing  (e.g., from energy use)","Processing of intermediate products sold in the reporting year by downstream companies (e.g., manufacturers)",=sum(totalCO2Unformatted),,,,,,
c79baf25-9d78-48dd-a61c-77015b2e537c,Attribute,e74cea28-5c1f-4035-a2fc-d3cd1b933474,M&S,,"4221f47d-717a-4272-ace9-43106a293d21,59a4fdb1-16f7-4de4-9153-e1e23c373a68,bc402647-cd39-4eab-9d0a-580138663c38,fb673a39-eab8-4038-a12a-345a9ec5627c",640f51f5ab4f26b8d4339b3f,915b3bae-f7af-4b38-a8c7-f079ee0901ce,scope,,,,,,,,0.02,400,true,8.00,
c79baf25-9d78-48dd-a61c-77015b2e537c,Attribute,e74cea28-5c1f-4035-a2fc-d3cd1b933474,M&S,,"4221f47d-717a-4272-ace9-43106a293d21,59a4fdb1-16f7-4de4-9153-e1e23c373a68,bc402647-cd39-4eab-9d0a-580138663c38,fb673a39-eab8-4038-a12a-345a9ec5627c",640f51f5ab4f26b8d4339b3f,e12deb30-bcc3-4b3a-84a6-7d5702d68b8e,scope,,,,,,,,0.02,400,true,8.00,
e4c1a9f9-7d11-409e-81ff-2d907d443a11,Transition,,,c79baf25-9d78-48dd-a61c-77015b2e537c,4221f47d-717a-4272-ace9-43106a293d21,,,,,,,,,,,,,,,33.4
d4d0cb8d-f424-4a00-a0be-281e12e4a351,Transition,,,c79baf25-9d78-48dd-a61c-77015b2e537c,59a4fdb1-16f7-4de4-9153-e1e23c373a68,,,,,,,,,,,,,,,33.3
150e437d-2bd7-4f2f-928a-f6d596199a80,Transition,,,c79baf25-9d78-48dd-a61c-77015b2e537c,bc402647-cd39-4eab-9d0a-580138663c38,,,,,,,,,,,,,,,
ee1a132b-37b1-49a3-9a63-d6c07c967c54,Transition,,,c79baf25-9d78-48dd-a61c-77015b2e537c,fb673a39-eab8-4038-a12a-345a9ec5627c,,,,,,,,,,,,,,,33.3
c785aee8-4318-4352-a7d5-15392cc6255a,Attribute,e74cea28-5c1f-4035-a2fc-d3cd1b933474,Next,,"4221f47d-717a-4272-ace9-43106a293d21,59a4fdb1-16f7-4de4-9153-e1e23c373a68,bc402647-cd39-4eab-9d0a-580138663c38,fb673a39-eab8-4038-a12a-345a9ec5627c",640f51f5ab4f26b8d4339b3f,915b3bae-f7af-4b38-a8c7-f079ee0901ce,scope,,,,,,,,0.02,400,true,8.00,
c785aee8-4318-4352-a7d5-15392cc6255a,Attribute,e74cea28-5c1f-4035-a2fc-d3cd1b933474,Next,,"4221f47d-717a-4272-ace9-43106a293d21,59a4fdb1-16f7-4de4-9153-e1e23c373a68,bc402647-cd39-4eab-9d0a-580138663c38,fb673a39-eab8-4038-a12a-345a9ec5627c",640f51f5ab4f26b8d4339b3f,e12deb30-bcc3-4b3a-84a6-7d5702d68b8e,scope,,,,,,,,0.02,400,true,8.00,
23822ddb-49fb-4975-b88c-d51db4868b5c,Transition,,,c785aee8-4318-4352-a7d5-15392cc6255a,4221f47d-717a-4272-ace9-43106a293d21,,,,,,,,,,,,,,,33.4
241fe5ca-98c7-42db-823a-e1c92ddc0dac,Transition,,,c785aee8-4318-4352-a7d5-15392cc6255a,59a4fdb1-16f7-4de4-9153-e1e23c373a68,,,,,,,,,,,,,,,33.3
cf60500a-d8c1-4dc3-918e-b708ad6e3c3c,Transition,,,c785aee8-4318-4352-a7d5-15392cc6255a,bc402647-cd39-4eab-9d0a-580138663c38,,,,,,,,,,,,,,,
a9af532f-564c-4747-9cfb-8f1e6af9dfbf,Transition,,,c785aee8-4318-4352-a7d5-15392cc6255a,fb673a39-eab8-4038-a12a-345a9ec5627c,,,,,,,,,,,,,,,33.3
e3411c43-ebc7-4585-9f0b-3cec7b64db47,Attribute,e74cea28-5c1f-4035-a2fc-d3cd1b933474,Gap,,"4221f47d-717a-4272-ace9-43106a293d21,59a4fdb1-16f7-4de4-9153-e1e23c373a68,bc402647-cd39-4eab-9d0a-580138663c38,fb673a39-eab8-4038-a12a-345a9ec5627c",640f51f5ab4f26b8d4339b3f,915b3bae-f7af-4b38-a8c7-f079ee0901ce,scope,,,,,,,,0.02,400,true,8.00,
e3411c43-ebc7-4585-9f0b-3cec7b64db47,Attribute,e74cea28-5c1f-4035-a2fc-d3cd1b933474,Gap,,"4221f47d-717a-4272-ace9-43106a293d21,59a4fdb1-16f7-4de4-9153-e1e23c373a68,bc402647-cd39-4eab-9d0a-580138663c38,fb673a39-eab8-4038-a12a-345a9ec5627c",640f51f5ab4f26b8d4339b3f,e12deb30-bcc3-4b3a-84a6-7d5702d68b8e,scope,,,,,,,,0.02,400,true,8.00,
ce8ef7f0-eeb9-4ef4-b862-bbcfbd83fcfb,Transition,,,e3411c43-ebc7-4585-9f0b-3cec7b64db47,4221f47d-717a-4272-ace9-43106a293d21,,,,,,,,,,,,,,,33.4
0b1efab0-608b-406e-8284-31e4ea458d80,Transition,,,e3411c43-ebc7-4585-9f0b-3cec7b64db47,59a4fdb1-16f7-4de4-9153-e1e23c373a68,,,,,,,,,,,,,,,33.3
61c67e7e-778d-4332-81b8-ec8da1f8bdfc,Transition,,,e3411c43-ebc7-4585-9f0b-3cec7b64db47,bc402647-cd39-4eab-9d0a-580138663c38,,,,,,,,,,,,,,,
54e63fce-79dc-4489-8621-da940d58e9ed,Transition,,,e3411c43-ebc7-4585-9f0b-3cec7b64db47,fb673a39-eab8-4038-a12a-345a9ec5627c,,,,,,,,,,,,,,,33.3
53de0785-d64f-480f-a296-63537a70c81f,Object,351c68ad-ef6a-4800-9f65-05c3e584a885,11. Use of  sold products,,,,,,,,,"The direct use-phase emissions of sold products over their expected lifetime (i.e., the scope 1 and scope 2 emissions of end users that occur from the use of: products that directly consume energy (fuels or electricity) during use; fuels and feedstocks; and GHGs and products that contain or form GHGs that are emitted during use) 

• ** Optional**: The indirect use-phase emissions of sold products over their expected lifetime (i.e., emissions from the use of products that indirectly consume energy (fuels or electricity) during use)",End use of goods and services sold  by the reporting company in the  reporting year,=sum(totalCO2Unformatted),,,,,,
054b43fa-41ef-433d-90e8-36a10cca015a,Object,351c68ad-ef6a-4800-9f65-05c3e584a885,12. End-of-life  treatment of  sold products,,,,,,,,,The scope 1 and scope 2 emissions of waste management companies that occur during disposal or treatment of sold products,Waste disposal and treatment of products sold by the reporting company (in the reporting year) at the end of their life,=sum(totalCO2Unformatted),,,,,,
b62c8c27-3d0f-4007-a85a-5b09c7bc414a,Attribute,054b43fa-41ef-433d-90e8-36a10cca015a,Refuse Tip,,"4221f47d-717a-4272-ace9-43106a293d21,59a4fdb1-16f7-4de4-9153-e1e23c373a68,bc402647-cd39-4eab-9d0a-580138663c38,fb673a39-eab8-4038-a12a-345a9ec5627c",640f51f5ab4f26b8d4339b3f,915b3bae-f7af-4b38-a8c7-f079ee0901ce,scope,,,,,,,,.0001,600,true,0.06,
b62c8c27-3d0f-4007-a85a-5b09c7bc414a,Attribute,054b43fa-41ef-433d-90e8-36a10cca015a,Refuse Tip,,"4221f47d-717a-4272-ace9-43106a293d21,59a4fdb1-16f7-4de4-9153-e1e23c373a68,bc402647-cd39-4eab-9d0a-580138663c38,fb673a39-eab8-4038-a12a-345a9ec5627c",640f51f5ab4f26b8d4339b3f,e12deb30-bcc3-4b3a-84a6-7d5702d68b8e,scope,,,,,,,,.0001,600,true,0.06,
57f643ec-7b2f-4b14-9970-8e502a3e340b,Transition,,,b62c8c27-3d0f-4007-a85a-5b09c7bc414a,4221f47d-717a-4272-ace9-43106a293d21,,,,,,,,,,,,,,,33.4
aca4eca0-bea0-4f3a-b9c7-dd7e65453834,Transition,,,b62c8c27-3d0f-4007-a85a-5b09c7bc414a,59a4fdb1-16f7-4de4-9153-e1e23c373a68,,,,,,,,,,,,,,,33.3
ef83cd3f-107b-4341-a61b-36d5fe5ef993,Transition,,,b62c8c27-3d0f-4007-a85a-5b09c7bc414a,bc402647-cd39-4eab-9d0a-580138663c38,,,,,,,,,,,,,,,
24fc7aee-fb54-4563-84ec-30864cb1b25f,Transition,,,b62c8c27-3d0f-4007-a85a-5b09c7bc414a,fb673a39-eab8-4038-a12a-345a9ec5627c,,,,,,,,,,,,,,,33.3
d920e5a1-e16f-4041-a3b4-a90c028a026f,Attribute,054b43fa-41ef-433d-90e8-36a10cca015a,Recycling,,"4221f47d-717a-4272-ace9-43106a293d21,59a4fdb1-16f7-4de4-9153-e1e23c373a68,bc402647-cd39-4eab-9d0a-580138663c38,fb673a39-eab8-4038-a12a-345a9ec5627c",640f51f5ab4f26b8d4339b3f,915b3bae-f7af-4b38-a8c7-f079ee0901ce,scope,,,,,,,,0.0001,,true,0.00,
d920e5a1-e16f-4041-a3b4-a90c028a026f,Attribute,054b43fa-41ef-433d-90e8-36a10cca015a,Recycling,,"4221f47d-717a-4272-ace9-43106a293d21,59a4fdb1-16f7-4de4-9153-e1e23c373a68,bc402647-cd39-4eab-9d0a-580138663c38,fb673a39-eab8-4038-a12a-345a9ec5627c",640f51f5ab4f26b8d4339b3f,e12deb30-bcc3-4b3a-84a6-7d5702d68b8e,scope,,,,,,,,0.0001,,true,0.00,
b237dcca-9c3f-49c6-b5f3-7fbf5ebeca47,Transition,,,d920e5a1-e16f-4041-a3b4-a90c028a026f,4221f47d-717a-4272-ace9-43106a293d21,,,,,,,,,,,,,,,33.4
04a800ba-0a24-4d1d-9249-133f1cde92cc,Transition,,,d920e5a1-e16f-4041-a3b4-a90c028a026f,59a4fdb1-16f7-4de4-9153-e1e23c373a68,,,,,,,,,,,,,,,33.3
4960658e-2a76-4248-9592-25eafeb52e1a,Transition,,,d920e5a1-e16f-4041-a3b4-a90c028a026f,bc402647-cd39-4eab-9d0a-580138663c38,,,,,,,,,,,,,,,
b4bf2b28-a7c3-41ed-86d7-97a2863e6da0,Transition,,,d920e5a1-e16f-4041-a3b4-a90c028a026f,fb673a39-eab8-4038-a12a-345a9ec5627c,,,,,,,,,,,,,,,33.3
b0b6a1a5-0b26-4621-bd90-ae64e84301a3,Object,351c68ad-ef6a-4800-9f65-05c3e584a885,13. Downstream  leased assets,,,,,,,,,"The scope 1 and scope 2 emissions of lessees that occur during operation of leased assets (e.g., from energy use). • Optional: The life cycle emissions associated with manufacturing or constructing leased assets","Operation of assets owned by the reporting company (lessor) and leased to other entities in the reporting year, not included in scope 1 and scope 2 – reported by lessor",=sum(totalCO2Unformatted),,,,,,
f479c830-2f79-46d3-a57a-bdd9ee6b3a31,Object,351c68ad-ef6a-4800-9f65-05c3e584a885,14. Franchises,,,,,,,,,"The scope 1 and scope 2 emissions of franchisees that occur during operation of franchises (e.g., from energy use) • Optional: The life cycle emissions associated with manufacturing or constructing franchises","Operation of franchises in the reporting year, not included in scope 1 and scope 2 – reported by franchisor",=sum(totalCO2Unformatted),,,,,,
bd690f60-37fc-4d1e-b66e-836383e52cbc,Object,351c68ad-ef6a-4800-9f65-05c3e584a885,15. Investments,,,,,,,,,See the description of category 15 (Investments) in section 5.5 for the required and optional boundaries,"Operation of investments (including equity and debt investments and project finance) in the reporting year, not included in scope 1 or scope 2",=sum(totalCO2Unformatted),,,,,,
c11e0907-dbc0-4885-98cd-b305ef51edf8,Layer,,Emissions Summary,,,,,,,,,,,,,,,,,
9f2e0d90-f743-4611-ae56-cc22efa83694,Object,c11e0907-dbc0-4885-98cd-b305ef51edf8,Product - T-Shirt,,,,,,,,,,,=sum(totalCO2Unformatted),,,,,,
59a4fdb1-16f7-4de4-9153-e1e23c373a68,Attribute,9f2e0d90-f743-4611-ae56-cc22efa83694,Simple Logo,"67924089-efda-410d-86d5-cfaaa7606170,47b74413-3635-4b53-84b5-b77e8c731f9e,9e75dd57-66f1-4c31-af1e-496ad961b7a7,19a17137-eda3-4346-9e59-d41f047ffa4d,a1f06ed0-f4c4-40d9-becf-0c3aa7d4ce4f,5acf3290-68d4-4793-a2c0-f4537bffcace,16cf254d-d999-42a4-bd69-8d6e568f87f3,adcd5ccb-3de5-4e85-a3d6-959291eebb47,7fd96e2c-7a78-47b6-aee4-9b7271da7c76,098a98e6-8d0e-4d6a-9f16-dd8428980a13,22fb2b23-096a-42a4-bdb3-9db39cd99351,affaaea4-7bfa-4a01-9ea1-ff7821726a84,aaaebe42-96d8-40ca-a238-0a22605d226e,d50a4886-925b-48d1-9550-26f45b606594,cf30ddca-c9f3-4dbe-a48c-382c20897927,79e417e1-c15b-41ea-8792-8116af087d80,5fd871fd-5e0e-4b6d-a9cd-d8d38400d309,90620842-3d50-4dfe-87e5-306c53b68775,c733ec19-f6ac-41ae-b4fc-ab1d6be46693,9b734c0f-fd1f-4ceb-8b7d-47a33868b10c,475541ff-a126-4e8f-ba8d-163092ee1c30,cd3ae980-6440-4d5a-91bb-535438c6adf1,50399234-9779-4e30-90fc-3098f799b0dc,eb6c5e2b-fddd-49c4-a5b7-844cbe02e94b,4f453551-4fa3-40cd-b9b0-2548d22f3005,30d7ea8c-4a85-4fee-bc72-f550d2637a66,51d79c79-8e4b-4e6f-9b89-3851a9c9d031,4ae5bf72-012c-43ab-877f-1ec99550b419,d5622bef-2b93-4dba-bfc4-3530892a7580,eafc8771-6405-472e-99ec-c50b8a2f1eca,10404715-13fd-427c-9d37-54d6d2bb292f,2e5cb771-bf38-4f98-9e51-3691a3b33773,ff746a7f-f93c-4ab7-90f7-f16c00c55f97,52583a30-82ae-4eff-830a-7359a7b5457e,e6d688e9-1655-4e78-a17f-b59ffd22387f,c2c44281-9f17-4be0-baf1-76f029f6a66a,981177f7-a712-44c2-8937-8ff24c164b00,9826622c-3186-4514-921a-cac857245f15,c79baf25-9d78-48dd-a61c-77015b2e537c,c785aee8-4318-4352-a7d5-15392cc6255a,e3411c43-ebc7-4585-9f0b-3cec7b64db47,b62c8c27-3d0f-4007-a85a-5b09c7bc414a,d920e5a1-e16f-4041-a3b4-a90c028a026f",,,,,,,,,,,,,,true,1273.89,
fb673a39-eab8-4038-a12a-345a9ec5627c,Attribute,9f2e0d90-f743-4611-ae56-cc22efa83694,Large Logo,"67924089-efda-410d-86d5-cfaaa7606170,47b74413-3635-4b53-84b5-b77e8c731f9e,9e75dd57-66f1-4c31-af1e-496ad961b7a7,19a17137-eda3-4346-9e59-d41f047ffa4d,a1f06ed0-f4c4-40d9-becf-0c3aa7d4ce4f,5acf3290-68d4-4793-a2c0-f4537bffcace,16cf254d-d999-42a4-bd69-8d6e568f87f3,adcd5ccb-3de5-4e85-a3d6-959291eebb47,7fd96e2c-7a78-47b6-aee4-9b7271da7c76,098a98e6-8d0e-4d6a-9f16-dd8428980a13,22fb2b23-096a-42a4-bdb3-9db39cd99351,affaaea4-7bfa-4a01-9ea1-ff7821726a84,aaaebe42-96d8-40ca-a238-0a22605d226e,d50a4886-925b-48d1-9550-26f45b606594,cf30ddca-c9f3-4dbe-a48c-382c20897927,79e417e1-c15b-41ea-8792-8116af087d80,5fd871fd-5e0e-4b6d-a9cd-d8d38400d309,90620842-3d50-4dfe-87e5-306c53b68775,c733ec19-f6ac-41ae-b4fc-ab1d6be46693,9b734c0f-fd1f-4ceb-8b7d-47a33868b10c,475541ff-a126-4e8f-ba8d-163092ee1c30,cd3ae980-6440-4d5a-91bb-535438c6adf1,50399234-9779-4e30-90fc-3098f799b0dc,eb6c5e2b-fddd-49c4-a5b7-844cbe02e94b,4f453551-4fa3-40cd-b9b0-2548d22f3005,30d7ea8c-4a85-4fee-bc72-f550d2637a66,51d79c79-8e4b-4e6f-9b89-3851a9c9d031,4ae5bf72-012c-43ab-877f-1ec99550b419,d5622bef-2b93-4dba-bfc4-3530892a7580,eafc8771-6405-472e-99ec-c50b8a2f1eca,10404715-13fd-427c-9d37-54d6d2bb292f,2e5cb771-bf38-4f98-9e51-3691a3b33773,ff746a7f-f93c-4ab7-90f7-f16c00c55f97,52583a30-82ae-4eff-830a-7359a7b5457e,e6d688e9-1655-4e78-a17f-b59ffd22387f,c2c44281-9f17-4be0-baf1-76f029f6a66a,981177f7-a712-44c2-8937-8ff24c164b00,9826622c-3186-4514-921a-cac857245f15,c79baf25-9d78-48dd-a61c-77015b2e537c,c785aee8-4318-4352-a7d5-15392cc6255a,e3411c43-ebc7-4585-9f0b-3cec7b64db47,b62c8c27-3d0f-4007-a85a-5b09c7bc414a,d920e5a1-e16f-4041-a3b4-a90c028a026f",,,,,,,,,,,,,,true,4875.06,
4221f47d-717a-4272-ace9-43106a293d21,Attribute,9f2e0d90-f743-4611-ae56-cc22efa83694,Double Sided,"67924089-efda-410d-86d5-cfaaa7606170,47b74413-3635-4b53-84b5-b77e8c731f9e,9e75dd57-66f1-4c31-af1e-496ad961b7a7,19a17137-eda3-4346-9e59-d41f047ffa4d,a1f06ed0-f4c4-40d9-becf-0c3aa7d4ce4f,5acf3290-68d4-4793-a2c0-f4537bffcace,16cf254d-d999-42a4-bd69-8d6e568f87f3,adcd5ccb-3de5-4e85-a3d6-959291eebb47,7fd96e2c-7a78-47b6-aee4-9b7271da7c76,098a98e6-8d0e-4d6a-9f16-dd8428980a13,22fb2b23-096a-42a4-bdb3-9db39cd99351,affaaea4-7bfa-4a01-9ea1-ff7821726a84,aaaebe42-96d8-40ca-a238-0a22605d226e,d50a4886-925b-48d1-9550-26f45b606594,cf30ddca-c9f3-4dbe-a48c-382c20897927,79e417e1-c15b-41ea-8792-8116af087d80,5fd871fd-5e0e-4b6d-a9cd-d8d38400d309,90620842-3d50-4dfe-87e5-306c53b68775,c733ec19-f6ac-41ae-b4fc-ab1d6be46693,9b734c0f-fd1f-4ceb-8b7d-47a33868b10c,475541ff-a126-4e8f-ba8d-163092ee1c30,cd3ae980-6440-4d5a-91bb-535438c6adf1,50399234-9779-4e30-90fc-3098f799b0dc,eb6c5e2b-fddd-49c4-a5b7-844cbe02e94b,4f453551-4fa3-40cd-b9b0-2548d22f3005,30d7ea8c-4a85-4fee-bc72-f550d2637a66,51d79c79-8e4b-4e6f-9b89-3851a9c9d031,4ae5bf72-012c-43ab-877f-1ec99550b419,d5622bef-2b93-4dba-bfc4-3530892a7580,eafc8771-6405-472e-99ec-c50b8a2f1eca,10404715-13fd-427c-9d37-54d6d2bb292f,2e5cb771-bf38-4f98-9e51-3691a3b33773,ff746a7f-f93c-4ab7-90f7-f16c00c55f97,52583a30-82ae-4eff-830a-7359a7b5457e,e6d688e9-1655-4e78-a17f-b59ffd22387f,c2c44281-9f17-4be0-baf1-76f029f6a66a,981177f7-a712-44c2-8937-8ff24c164b00,9826622c-3186-4514-921a-cac857245f15,c79baf25-9d78-48dd-a61c-77015b2e537c,c785aee8-4318-4352-a7d5-15392cc6255a,e3411c43-ebc7-4585-9f0b-3cec7b64db47,b62c8c27-3d0f-4007-a85a-5b09c7bc414a,d920e5a1-e16f-4041-a3b4-a90c028a026f",,,,,,,,,,,,,,true,6075.67,
1d23110b-a61f-43e1-8a48-28c5cec91ffd,Object,c11e0907-dbc0-4885-98cd-b305ef51edf8,Scope,,,,,,,,,,,=sum(descendants[totalCO2Unformatted]),,,,,,
d8b486f1-205d-4038-8aca-4567c99fe3ed,Attribute,1d23110b-a61f-43e1-8a48-28c5cec91ffd,Scope 1,"eb6c5e2b-fddd-49c4-a5b7-844cbe02e94b,4f453551-4fa3-40cd-b9b0-2548d22f3005,30d7ea8c-4a85-4fee-bc72-f550d2637a66,51d79c79-8e4b-4e6f-9b89-3851a9c9d031,4ae5bf72-012c-43ab-877f-1ec99550b419,d5622bef-2b93-4dba-bfc4-3530892a7580,eafc8771-6405-472e-99ec-c50b8a2f1eca,10404715-13fd-427c-9d37-54d6d2bb292f,2e5cb771-bf38-4f98-9e51-3691a3b33773,ff746a7f-f93c-4ab7-90f7-f16c00c55f97,52583a30-82ae-4eff-830a-7359a7b5457e",,640f51f5ab4f26b8d4339b3f,2a3dd08d-560b-47b5-914b-85ca383d5e06,total,,,,,,,,,,true,2172.73,
d8b486f1-205d-4038-8aca-4567c99fe3ed,Attribute,1d23110b-a61f-43e1-8a48-28c5cec91ffd,Scope 1,"eb6c5e2b-fddd-49c4-a5b7-844cbe02e94b,4f453551-4fa3-40cd-b9b0-2548d22f3005,30d7ea8c-4a85-4fee-bc72-f550d2637a66,51d79c79-8e4b-4e6f-9b89-3851a9c9d031,4ae5bf72-012c-43ab-877f-1ec99550b419,d5622bef-2b93-4dba-bfc4-3530892a7580,eafc8771-6405-472e-99ec-c50b8a2f1eca,10404715-13fd-427c-9d37-54d6d2bb292f,2e5cb771-bf38-4f98-9e51-3691a3b33773,ff746a7f-f93c-4ab7-90f7-f16c00c55f97,52583a30-82ae-4eff-830a-7359a7b5457e",,640f51f5ab4f26b8d4339b3f,2a3dd08d-560b-47b5-914b-85ca383d5e06,scope,,,,,,,,,,true,2172.73,
d8b486f1-205d-4038-8aca-4567c99fe3ed,Attribute,1d23110b-a61f-43e1-8a48-28c5cec91ffd,Scope 1,"eb6c5e2b-fddd-49c4-a5b7-844cbe02e94b,4f453551-4fa3-40cd-b9b0-2548d22f3005,30d7ea8c-4a85-4fee-bc72-f550d2637a66,51d79c79-8e4b-4e6f-9b89-3851a9c9d031,4ae5bf72-012c-43ab-877f-1ec99550b419,d5622bef-2b93-4dba-bfc4-3530892a7580,eafc8771-6405-472e-99ec-c50b8a2f1eca,10404715-13fd-427c-9d37-54d6d2bb292f,2e5cb771-bf38-4f98-9e51-3691a3b33773,ff746a7f-f93c-4ab7-90f7-f16c00c55f97,52583a30-82ae-4eff-830a-7359a7b5457e",,640f51f5ab4f26b8d4339b3f,ab097455-4c60-404f-933d-111e0e613e17,scope,,,,,,,,,,true,2172.73,
03f9457b-6ae4-41a9-bad3-f5a5cc0e8d0f,Attribute,1d23110b-a61f-43e1-8a48-28c5cec91ffd,Scope 2,"9b734c0f-fd1f-4ceb-8b7d-47a33868b10c,475541ff-a126-4e8f-ba8d-163092ee1c30,cd3ae980-6440-4d5a-91bb-535438c6adf1,50399234-9779-4e30-90fc-3098f799b0dc",,640f51f5ab4f26b8d4339b3f,3306ca22-f6de-4f58-bcbb-8c10fb7a86e8,total,,,,,,,,,,true,4180.00,
03f9457b-6ae4-41a9-bad3-f5a5cc0e8d0f,Attribute,1d23110b-a61f-43e1-8a48-28c5cec91ffd,Scope 2,"9b734c0f-fd1f-4ceb-8b7d-47a33868b10c,475541ff-a126-4e8f-ba8d-163092ee1c30,cd3ae980-6440-4d5a-91bb-535438c6adf1,50399234-9779-4e30-90fc-3098f799b0dc",,640f51f5ab4f26b8d4339b3f,3306ca22-f6de-4f58-bcbb-8c10fb7a86e8,scope,,,,,,,,,,true,4180.00,
03f9457b-6ae4-41a9-bad3-f5a5cc0e8d0f,Attribute,1d23110b-a61f-43e1-8a48-28c5cec91ffd,Scope 2,"9b734c0f-fd1f-4ceb-8b7d-47a33868b10c,475541ff-a126-4e8f-ba8d-163092ee1c30,cd3ae980-6440-4d5a-91bb-535438c6adf1,50399234-9779-4e30-90fc-3098f799b0dc",,640f51f5ab4f26b8d4339b3f,f6fa0bcb-c421-4120-802b-8e1dc469c95f,scope,,,,,,,,,,true,4180.00,
1bd7dfb6-1f24-48c1-814f-6bd25bb6cce9,Group,1d23110b-a61f-43e1-8a48-28c5cec91ffd,Scope 3,,,640f51f5ab4f26b8d4339b3f,915b3bae-f7af-4b38-a8c7-f079ee0901ce,total,,,,,,,=sum(totalCO2Unformatted),,,true,0.00,
1bd7dfb6-1f24-48c1-814f-6bd25bb6cce9,Group,1d23110b-a61f-43e1-8a48-28c5cec91ffd,Scope 3,,,640f51f5ab4f26b8d4339b3f,915b3bae-f7af-4b38-a8c7-f079ee0901ce,scope,,,,,,,=sum(totalCO2Unformatted),,,true,0.00,
1bd7dfb6-1f24-48c1-814f-6bd25bb6cce9,Group,1d23110b-a61f-43e1-8a48-28c5cec91ffd,Scope 3,,,640f51f5ab4f26b8d4339b3f,e12deb30-bcc3-4b3a-84a6-7d5702d68b8e,scope,,,,,,,=sum(totalCO2Unformatted),,,true,0.00,
7672af8e-45f4-4130-bcdd-731f91155a5f,Attribute,1bd7dfb6-1f24-48c1-814f-6bd25bb6cce9,Upstream,"67924089-efda-410d-86d5-cfaaa7606170,47b74413-3635-4b53-84b5-b77e8c731f9e,9e75dd57-66f1-4c31-af1e-496ad961b7a7,19a17137-eda3-4346-9e59-d41f047ffa4d,a1f06ed0-f4c4-40d9-becf-0c3aa7d4ce4f,5acf3290-68d4-4793-a2c0-f4537bffcace,16cf254d-d999-42a4-bd69-8d6e568f87f3,adcd5ccb-3de5-4e85-a3d6-959291eebb47,7fd96e2c-7a78-47b6-aee4-9b7271da7c76,098a98e6-8d0e-4d6a-9f16-dd8428980a13,22fb2b23-096a-42a4-bdb3-9db39cd99351,affaaea4-7bfa-4a01-9ea1-ff7821726a84,aaaebe42-96d8-40ca-a238-0a22605d226e,d50a4886-925b-48d1-9550-26f45b606594,cf30ddca-c9f3-4dbe-a48c-382c20897927,79e417e1-c15b-41ea-8792-8116af087d80,5fd871fd-5e0e-4b6d-a9cd-d8d38400d309,90620842-3d50-4dfe-87e5-306c53b68775,c733ec19-f6ac-41ae-b4fc-ab1d6be46693",,640f51f5ab4f26b8d4339b3f,915b3bae-f7af-4b38-a8c7-f079ee0901ce,total,,,,,,,,,,true,5835.82,
7672af8e-45f4-4130-bcdd-731f91155a5f,Attribute,1bd7dfb6-1f24-48c1-814f-6bd25bb6cce9,Upstream,"67924089-efda-410d-86d5-cfaaa7606170,47b74413-3635-4b53-84b5-b77e8c731f9e,9e75dd57-66f1-4c31-af1e-496ad961b7a7,19a17137-eda3-4346-9e59-d41f047ffa4d,a1f06ed0-f4c4-40d9-becf-0c3aa7d4ce4f,5acf3290-68d4-4793-a2c0-f4537bffcace,16cf254d-d999-42a4-bd69-8d6e568f87f3,adcd5ccb-3de5-4e85-a3d6-959291eebb47,7fd96e2c-7a78-47b6-aee4-9b7271da7c76,098a98e6-8d0e-4d6a-9f16-dd8428980a13,22fb2b23-096a-42a4-bdb3-9db39cd99351,affaaea4-7bfa-4a01-9ea1-ff7821726a84,aaaebe42-96d8-40ca-a238-0a22605d226e,d50a4886-925b-48d1-9550-26f45b606594,cf30ddca-c9f3-4dbe-a48c-382c20897927,79e417e1-c15b-41ea-8792-8116af087d80,5fd871fd-5e0e-4b6d-a9cd-d8d38400d309,90620842-3d50-4dfe-87e5-306c53b68775,c733ec19-f6ac-41ae-b4fc-ab1d6be46693",,640f51f5ab4f26b8d4339b3f,915b3bae-f7af-4b38-a8c7-f079ee0901ce,scope,,,,,,,,,,true,5835.82,
7672af8e-45f4-4130-bcdd-731f91155a5f,Attribute,1bd7dfb6-1f24-48c1-814f-6bd25bb6cce9,Upstream,"67924089-efda-410d-86d5-cfaaa7606170,47b74413-3635-4b53-84b5-b77e8c731f9e,9e75dd57-66f1-4c31-af1e-496ad961b7a7,19a17137-eda3-4346-9e59-d41f047ffa4d,a1f06ed0-f4c4-40d9-becf-0c3aa7d4ce4f,5acf3290-68d4-4793-a2c0-f4537bffcace,16cf254d-d999-42a4-bd69-8d6e568f87f3,adcd5ccb-3de5-4e85-a3d6-959291eebb47,7fd96e2c-7a78-47b6-aee4-9b7271da7c76,098a98e6-8d0e-4d6a-9f16-dd8428980a13,22fb2b23-096a-42a4-bdb3-9db39cd99351,affaaea4-7bfa-4a01-9ea1-ff7821726a84,aaaebe42-96d8-40ca-a238-0a22605d226e,d50a4886-925b-48d1-9550-26f45b606594,cf30ddca-c9f3-4dbe-a48c-382c20897927,79e417e1-c15b-41ea-8792-8116af087d80,5fd871fd-5e0e-4b6d-a9cd-d8d38400d309,90620842-3d50-4dfe-87e5-306c53b68775,c733ec19-f6ac-41ae-b4fc-ab1d6be46693",,640f51f5ab4f26b8d4339b3f,e12deb30-bcc3-4b3a-84a6-7d5702d68b8e,scope,,,,,,,,,,true,5835.82,
bc402647-cd39-4eab-9d0a-580138663c38,Attribute,1bd7dfb6-1f24-48c1-814f-6bd25bb6cce9,Downstream,"e6d688e9-1655-4e78-a17f-b59ffd22387f,c2c44281-9f17-4be0-baf1-76f029f6a66a,981177f7-a712-44c2-8937-8ff24c164b00,9826622c-3186-4514-921a-cac857245f15,c79baf25-9d78-48dd-a61c-77015b2e537c,c785aee8-4318-4352-a7d5-15392cc6255a,e3411c43-ebc7-4585-9f0b-3cec7b64db47,b62c8c27-3d0f-4007-a85a-5b09c7bc414a,d920e5a1-e16f-4041-a3b4-a90c028a026f",,640f51f5ab4f26b8d4339b3f,915b3bae-f7af-4b38-a8c7-f079ee0901ce,total,,,,,,,,,,true,36.06,
bc402647-cd39-4eab-9d0a-580138663c38,Attribute,1bd7dfb6-1f24-48c1-814f-6bd25bb6cce9,Downstream,"e6d688e9-1655-4e78-a17f-b59ffd22387f,c2c44281-9f17-4be0-baf1-76f029f6a66a,981177f7-a712-44c2-8937-8ff24c164b00,9826622c-3186-4514-921a-cac857245f15,c79baf25-9d78-48dd-a61c-77015b2e537c,c785aee8-4318-4352-a7d5-15392cc6255a,e3411c43-ebc7-4585-9f0b-3cec7b64db47,b62c8c27-3d0f-4007-a85a-5b09c7bc414a,d920e5a1-e16f-4041-a3b4-a90c028a026f",,640f51f5ab4f26b8d4339b3f,915b3bae-f7af-4b38-a8c7-f079ee0901ce,scope,,,,,,,,,,true,36.06,
bc402647-cd39-4eab-9d0a-580138663c38,Attribute,1bd7dfb6-1f24-48c1-814f-6bd25bb6cce9,Downstream,"e6d688e9-1655-4e78-a17f-b59ffd22387f,c2c44281-9f17-4be0-baf1-76f029f6a66a,981177f7-a712-44c2-8937-8ff24c164b00,9826622c-3186-4514-921a-cac857245f15,c79baf25-9d78-48dd-a61c-77015b2e537c,c785aee8-4318-4352-a7d5-15392cc6255a,e3411c43-ebc7-4585-9f0b-3cec7b64db47,b62c8c27-3d0f-4007-a85a-5b09c7bc414a,d920e5a1-e16f-4041-a3b4-a90c028a026f",,640f51f5ab4f26b8d4339b3f,e12deb30-bcc3-4b3a-84a6-7d5702d68b8e,scope,,,,,,,,,,true,36.06,