ID,TYPE,PARENT,NAME,SOURCE,TARGET,REFERENCE_MODEL_ID,TERM_ID,LABEL,,PROPERTIES:,Disclosure Requirement,Other ESRS,CSRD,TCFD,Other Regulation,Text,EBA Pillar 3,EU Taxonomy,SFDR,Key DR Tag
18450a5c-fc58-407f-972e-69a620cb6b77,Layer,,ESRS E1 - Climate Change,,,,,,,,,,,,,,,,,
3d8c4428-0a82-4ba7-af49-e940a573bb1b,Object,18450a5c-fc58-407f-972e-69a620cb6b77,Governance,,,,,,,,,,,,,,,,,
0fb5b1ab-39c6-406b-92c4-16e9fb33baf2,Group,3d8c4428-0a82-4ba7-af49-e940a573bb1b,Disclosure requirement related to ESRS 2 GOV-3 Integration of sustainability-related performance in incentive schemes,,,,,,,,GOV-3,ESRS 2 GOV-3,Art. 19a §2 (e),Governance – Recommended disclosure b); Metrics and Targets – Recommended disclosure (a),"Commission, Guidelines on nonfinancial reporting: Supplement on reporting climate-related information (2019), Recommended disclosures and further guidance 3.2; CDP, Questionnaire (2021), C1.3; IFRS S2 §5 (f) and §21 (g)",,,,,
6a79b0c9-13fa-4c9f-b024-2318e7275ba2,Attribute,0fb5b1ab-39c6-406b-92c4-16e9fb33baf2,12,,,,,,,,GOV-3,"ESRS 2 GOV-3, ESRS E1-4",,,,"The undertaking shall disclose whether the performance of members of the administrative, management and supervisory bodies has been assessed against the GHG emission reduction targets reported under Disclosure Requirement E1-4.",,,,
7c12efec-dcdb-46cd-b946-1126bb5a7f88,Object,18450a5c-fc58-407f-972e-69a620cb6b77,Strategy,,,,,,,,,,,,,,,,,
66fcfee8-4c6e-434f-9f02-c93b83eceb69,Group,7c12efec-dcdb-46cd-b946-1126bb5a7f88,Disclosure Requirement E1-1 – Transition plan for climate change mitigation,,,,,,,,E1-1,,Art. 19a §2 (a) (iii),Strategy – Recommended disclosure (b),"EU Climate Law; Climate Benchmark Regulation, Article 2, 12.1 and 12.2; IFRS S2 §8 (a) and §13",,Template 1,,,
6243a817-b7e9-4bd5-96cd-7c6319f596f1,Attribute,66fcfee8-4c6e-434f-9f02-c93b83eceb69,13,,,,,,,,E1-1,,,,"EU Climate Law, Article 2 (1); EU Climate Benchmark Regulation, Article 2.",The undertaking shall disclose its transition plan for climate change mitigation.,,,,
9e60c7f6-596c-4bbd-8149-f247c8cf7f2f,Attribute,66fcfee8-4c6e-434f-9f02-c93b83eceb69,14,,,,,,,,E1-1,,,,,"The objective of this Disclosure Requirement is to enable an understanding of the undertaking’s past, current, and future mitigation efforts to ensure that its strategy and business model(s) are compatible with the transition to a sustainable economy, and with the limiting of global warming to 1.5 °C in line with the Paris Agreement and with the objective of achieving climate neutrality by 2050 and, where relevant, the undertaking’s exposure to coal, oil and gas-related activities.",,,,
9dc3f860-c480-4e1d-a81d-b720caf64b49,Group,66fcfee8-4c6e-434f-9f02-c93b83eceb69,15,,,,,,,,E1-1,,,,,The information required by paragraph 13 shall include:,,,,
2dc0b9b8-8f7d-4dc8-a998-01e06114bd26,Attribute,9dc3f860-c480-4e1d-a81d-b720caf64b49,a,,,,,,,,E1-1,ESRS E1-4,,,,"by reference to GHG emission reduction targets (as required by Disclosure Requirement E1-4), an explanation of how the undertaking’s targets are compatible with the limiting of global warming to 1.5°C in line with the Paris Agreement;",,,,
9ad1d9ff-7a8b-4a08-aaa9-8de2d12ac2a9,Attribute,9dc3f860-c480-4e1d-a81d-b720caf64b49,b,,,,,,,,E1-1,ESRS E1-4,,,,"by reference to GHG emission reduction targets (as required by Disclosure Requirement E1-4) and the climate change mitigation actions (as required by Disclosure Requirement E1-3), an explanation of the decarbonisation levers identified, and key actions planned, including changes in the undertaking’s product and service portfolio and its adoption of new technologies;",,,,
043ff907-dc48-486e-8536-66d8a5f8ea98,Attribute,9dc3f860-c480-4e1d-a81d-b720caf64b49,c,,,,,,,,E1-1,ESRS E1-3,,,,"by reference to the climate change mitigation actions (as required by Disclosure Requirement E1-3), an explanation of the undertaking’s investments and funding supporting the implementation of the transition plan;",,,,
ea921959-dd16-4e71-92bd-63a43b4b0e45,Attribute,9dc3f860-c480-4e1d-a81d-b720caf64b49,d,,,,,,,,E1-1,,,,,"a qualitative assessment of the potential locked-in GHG emissions from the undertaking’s key assets and products. This shall include an explanation of if and how these emissions may jeopardise the achievement of the undertaking’s GHG emission reduction targets and drive transition risk, and if applicable, an explanation of the undertaking’s plans to manage its GHG-intensive and energy-intensive assets and products;",,,,
441da17a-56de-463a-a5ad-c80ff70d1df0,Attribute,9dc3f860-c480-4e1d-a81d-b720caf64b49,e,,,,,,,,E1-1,,,,,"if applicable, an explanation of the undertaking’s objective for aligning its economic activities (revenues) with the Taxonomy Regulation (EU) 2020/852 including any delegated regulations related to climate change mitigation and adaptation and its plans for future Taxonomy alignment (revenues, CapEx and CapEx plans);",,Taxonomy Alignment plans,,
2bf457f0-0484-48a0-a22f-dff1d7dd4969,Attribute,9dc3f860-c480-4e1d-a81d-b720caf64b49,f,,,,,,,,E1-1,,,,"Climate Benchmark Regulation, Articles 12.1 (d) to (g) and 12.2",a disclosure on whether or not the undertaking is excluded from the EU Paris-aligned Benchmarks;,Template 1,,,
595a605b-97a4-4b50-99cd-34f0f26ad484,Attribute,9dc3f860-c480-4e1d-a81d-b720caf64b49,g,,,,,,,,E1-1,,,,,"an explanation of how the transition plan is embedded in and aligned with the undertaking’s overall business strategy and financial planning and whether it is approved by its administrative, management and supervisory bodies; and",,,,
f16a1f4f-e881-44f7-b34f-9ffe86f73dda,Attribute,9dc3f860-c480-4e1d-a81d-b720caf64b49,h,,,,,,,,E1-1,,,,,an explanation of the undertaking’s progress in implementing the transition plan.,,,,
79666612-63f9-407e-87fb-58d3567c4617,Attribute,66fcfee8-4c6e-434f-9f02-c93b83eceb69,16,,,,,,,,E1-1,,,,,"In case the undertaking does not have a transition plan in place, it shall indicate whether and, if so, when it will adopt a transition plan.",,,,
24687321-b06b-446c-9663-75e78b16a095,Group,7c12efec-dcdb-46cd-b946-1126bb5a7f88,"Disclosure Requirement related to ESRS 2 SBM-3 – Material impacts, risks and opportunities and their interaction with strategy and business model(s)",,,,,,,,SBM-3,,Art. 19a 2 §2 (a) (i),Strategy – Recommended disclosure (a); Strategy – Recommended disclosure (c),"Commission, Guidelines on nonfinancial reporting: Supplement on reporting climate-related information (2019), Recommended disclosures and further guidance 3.1; IFRS S2 §8 (e) and §15",,,,,
3a8d432f-da7a-4141-bf23-4bf2e93b0a83,Group,24687321-b06b-446c-9663-75e78b16a095,17,,,,,,,,SBM-3,,,,,The undertaking shall describe the resilience of its strategy and business model(s) in relation to climate change. This description shall include:,,,,
85d3c0c9-cb73-4d26-8b54-7522931cdf2c,Attribute,3a8d432f-da7a-4141-bf23-4bf2e93b0a83,a,,,,,,,,SBM-3,,,,,the scope of the resilience analysis;,,,,
2fe4e453-6f9d-4f0a-9d3b-f27b12202b91,Attribute,3a8d432f-da7a-4141-bf23-4bf2e93b0a83,b,,,,,,,,SBM-3,ESRS 2 IRO-1,,Strategy – Recommended disclosure (c),,"how the resilience analysis has been conducted, including the use of climate scenario analysis as referenced in the Disclosure Requirement related to [draft] ESRS 2 IRO1 below and the related application requirement paragraphs; and",,,,
38d5299c-3595-441f-afbc-1934b4b35387,Attribute,3a8d432f-da7a-4141-bf23-4bf2e93b0a83,c,,,,,,,,SBM-3,,,Strategy – Recommended disclosure (c),,the results of the resilience analysis including the results from the use of scenario analysis.,,,,
ac4fb4e6-25c0-4aaf-aded-f087a6db6ed1,Object,18450a5c-fc58-407f-972e-69a620cb6b77,"Impact, risk and opportunity management",,,,,,,,,,,,,,,,,
57c61f79-adea-4ec1-b4f1-d6edaeaaa35c,Group,ac4fb4e6-25c0-4aaf-aded-f087a6db6ed1,"Disclosure requirement related to ESRS 2 IRO-1 – Description of the processes to identify and assess material climate-related impacts, risks and opportunities",,,,,,,,IRO-1,,Art. 19a §2 (e) (ii) and (f),Strategy – Recommended disclosure (a); Strategy – Recommended disclosure (b); Risk Management – Recommended disclosure (a),"Commission, Guidelines on nonfinancial reporting: Supplement on reporting climate-related information (2019), Recommended disclosures and further guidance 3.4; IFRS S2 §8 (a), §9, §12, §16 and §17; CDP, Questionnaire (2021), C2.1, C2.3 and C2.4",,,,,
49ad97dd-1940-4590-a73f-560701a3df40,Group,57c61f79-adea-4ec1-b4f1-d6edaeaaa35c,18,,,,,,,,IRO-1,,,,,"The undertaking shall describe the process to identify and assess climate-related impacts, risks and opportunities. This description shall include:",,,,
57d76a4a-bc4a-453c-b1f4-982beb4c9858,Attribute,49ad97dd-1940-4590-a73f-560701a3df40,a,,,,,,,,IRO-1,ESRS E1-6,,,,"impacts on climate change, in particular, the undertaking’s GHG emissions (as required by Disclosure Requirement ESRS E1-6);",,,,
f5ed00d4-7fb1-4a4a-a1e9-fc7e00a96bda,Group,49ad97dd-1940-4590-a73f-560701a3df40,b,,,,,,,,IRO-1,,,Strategy – Recommended disclosure (a); Risk Management – Recommended disclosure (a),,"climate-related physical risks in own operations and along the value chain, in particular:",,,,
589998b8-6c56-4502-822a-2974ff70f86c,Attribute,f5ed00d4-7fb1-4a4a-a1e9-fc7e00a96bda,i,,,,,,,,IRO-1,,,Strategy – Recommended disclosure (a); Risk Management – Recommended disclosure (a),,"the identification of climate-related hazards, considering at least high emission climate scenarios; and",,,,
eddab356-b50d-45cc-8d2f-5c51687ad429,Attribute,f5ed00d4-7fb1-4a4a-a1e9-fc7e00a96bda,ii,,,,,,,,IRO-1,,,Strategy – Recommended disclosure (a); Risk Management – Recommended disclosure (a),,"the assessment of how its assets and business activities may be exposed and are sensitive to these climate-related hazards, creating gross physical risks for the undertaking.",,,,
9baaa935-a5b4-4998-98c7-f4b74c9a8ed7,Group,49ad97dd-1940-4590-a73f-560701a3df40,c,,,,,,,,IRO-1,,,Strategy – Recommended disclosure (a); Risk Management – Recommended disclosure (a),,"climate-related transition risks and opportunities in own operations and along the value chain, in particular:",,,,
c68503ed-958a-43ae-920a-090565cabbc4,Attribute,9baaa935-a5b4-4998-98c7-f4b74c9a8ed7,i,,,,,,,,IRO-1,,,Strategy – Recommended disclosure (a); Risk Management – Recommended disclosure (a),,"the identification of climate-related transition events, considering at least a climate scenario in line with limiting global warming to 1.5°C with no or limited overshoot; and",,,,
432b838b-7607-4cbc-96f7-c3bd69c4db86,Attribute,9baaa935-a5b4-4998-98c7-f4b74c9a8ed7,ii,,,,,,,,IRO-1,,,Strategy – Recommended disclosure (a); Risk Management – Recommended disclosure (a),,"the assessment of how its assets and business activities may be exposed to these climate-related transition events, creating gross transition risks or opportunities for the undertaking.",,,,
d5ad5d5d-2d0f-48af-b307-c98ced6ec42d,Attribute,57c61f79-adea-4ec1-b4f1-d6edaeaaa35c,19,,,,,,,,IRO-1,,,Strategy – Recommended disclosure (b); Risk management – Recommended disclosure (b),,"When disclosing the information required under paragraphs 18(b) and 18(c), the undertaking shall explain how it has used climate-related scenario analysis to inform the identification and assessment of physical and transition risks and opportunities over the short-, medium- and long-term time horizons.",,,,
a269b317-ec13-4c78-bfaa-bd22ac6a1418,Group,ac4fb4e6-25c0-4aaf-aded-f087a6db6ed1,Disclosure Requirement E1-2 – Policies related to climate change mitigation and adaptation,,,,,,,,E1-2,,Art. 19a §2 (d),Strategy – Recommended disclosure (b); Risk Management – Recommended disclosure (b),"Regulation (EC) No 1221/2009 (EMAS) Annex IV B (b) and (g); Commission, Guidelines on nonfinancial reporting: Supplement on reporting climate-related information (2019), Recommended disclosures and further guidance 3.2; IFRS S2 §7, 8 (c), §13 (a) and §17 (d)",,,,,
9b525399-0b03-410f-bc8a-53e56bb8149e,Attribute,a269b317-ec13-4c78-bfaa-bd22ac6a1418,20,,,,,,,,E1-2,,,,,"The undertaking shall disclose the policies it has adopted to manage its material impacts, risks and opportunities related to climate change mitigation and adaptation.",,,,
32054321-af24-431e-a525-ca0e43723028,Attribute,a269b317-ec13-4c78-bfaa-bd22ac6a1418,21,,,,,,,,E1-2,,,,,"The objective of this Disclosure Requirement is to enable an understanding of the extent to which the undertaking has policies that address the identification, assessment, management and/or remediation of its material climate change mitigation and adaptation impacts, risks and opportunities.",,,,
9561d373-a409-4ee9-b299-f721395f5f3a,Attribute,a269b317-ec13-4c78-bfaa-bd22ac6a1418,22,,,,,,,,E1-2,ESRS 2 DC-P,,,,"The disclosure required by paragraph 20 shall contain the summarised information on the policies implemented by the undertaking to manage its material impacts, risks and opportunities related to climate change mitigation and adaptation (see [draft] ESRS 2 DC-P Policies adopted to manage material sustainability matters).",,,,
ba9620ab-43ee-4462-816d-c7d244cfc7d8,Group,a269b317-ec13-4c78-bfaa-bd22ac6a1418,23,,,,,,,,E1-2,,,,,The undertaking shall indicate whether and how its policies address the following areas:,,,,
9e16b6a7-ae97-48b8-bdeb-74ef1a35f870,Attribute,ba9620ab-43ee-4462-816d-c7d244cfc7d8,a,,,,,,,,E1-2,,,,,climate change mitigation;,,,,
0115495f-e670-4478-ac33-12762daebf1a,Attribute,ba9620ab-43ee-4462-816d-c7d244cfc7d8,b,,,,,,,,E1-2,,,,,climate change adaptation;,,,,
0a195a4f-fcc4-4e47-ae44-c7f1c9c23d1b,Attribute,ba9620ab-43ee-4462-816d-c7d244cfc7d8,c,,,,,,,,E1-2,,,,,energy efficiency;,,,,
4401e681-a536-4a16-95a4-a1d037362ba3,Attribute,ba9620ab-43ee-4462-816d-c7d244cfc7d8,d,,,,,,,,E1-2,,,,,renewable energy deployment; and,,,,
9c732e39-efc9-41b6-a747-a3b6c6c3df5e,Attribute,ba9620ab-43ee-4462-816d-c7d244cfc7d8,e,,,,,,,,E1-2,,,,,other.,,,,
78393a15-103b-41ff-afe2-1f584837a5d9,Group,ac4fb4e6-25c0-4aaf-aded-f087a6db6ed1,Disclosure Requirement E1-3 – Actions and resources in relation to climate change policies,,,,,,,,E1-3,,Art. 19a §2 (e) (iii),"Strategy – Recommended disclosure (b); Risk Management – Recommended disclosure (b); Cross-industry, climate-related metric categories","Regulation (EC) No 1221/2009 (EMAS) Annex IV B (e) Commission, Guidelines on nonfinancial reporting: Supplement on reporting climate-related information (2019), Recommended disclosures and further guidance 3.3; CDP, Questionnaire (2021), C3.1 and C3.4; IFRS S2 §13 (a), §17 (d), §21 (e) and §22 (b)",,,,,
0415417f-3b1b-4d21-a808-b5f145c8c062,Attribute,78393a15-103b-41ff-afe2-1f584837a5d9,24,,,,,,,,E1-3,,,,,The undertaking shall disclose its climate change mitigation and adaptation actions and the resources allocated for their implementation.,,,,
394a7193-9df3-4e77-af34-a16b75529696,Attribute,78393a15-103b-41ff-afe2-1f584837a5d9,25,,,,,,,,E1-3,,,,,The objective of this Disclosure Requirement is to provide an understanding of the key actions taken and planned to achieve climate-related policy objectives and targets.,,,,
a46f6230-29b9-4c90-9366-93f6baefcf83,Attribute,78393a15-103b-41ff-afe2-1f584837a5d9,26,,,,,,,,E1-3,ESRS 2 DC-A,,,,The description of the actions and resources related to climate change mitigation and adaptation shall follow the principles stated in [draft] ESRS 2 DC-A Actions and resources in relation to material sustainability matters.,,,,
621bb7ed-879d-4d18-ba7c-8d494218ccfe,Group,78393a15-103b-41ff-afe2-1f584837a5d9,27,,,,,,,,E1-3,,,,,"In addition to [draft] ESRS 2 DC-A, the undertaking shall:",,,,
e97ab40e-d822-4af7-9e70-903725413d1d,Attribute,621bb7ed-879d-4d18-ba7c-8d494218ccfe,a,,,,,,,,E1-3,,,,,"when listing key actions taken in the reporting year and planned for the future, present the climate change mitigation actions by decarbonisation lever including the nature-based solutions;",,,,
f0e3e76c-a1c4-4945-b041-228b89db2e4c,Attribute,621bb7ed-879d-4d18-ba7c-8d494218ccfe,b,,,,,,,,E1-3,,,,,"when describing the outcome of the actions for climate change mitigation, include the achieved and expected GHG emission reductions; and",,,,
aae86da7-3ee4-468f-a6eb-7cd5aba2bb06,Group,621bb7ed-879d-4d18-ba7c-8d494218ccfe,c,,,,,,,,E1-3,,,,,relate significant monetary amounts of CapEx and OpEx required to implement the actions to;,,,,
bb753d2b-327a-45e0-9c0b-23015dcf6951,Attribute,aae86da7-3ee4-468f-a6eb-7cd5aba2bb06,i,,,,,,,,E1-3,,,,,the relevant line items or notes in the financial statements;,,,,
8991cd3f-f046-493a-bc6c-f629d00e83ff,Attribute,aae86da7-3ee4-468f-a6eb-7cd5aba2bb06,ii,,,,,,,,E1-3,,,,,the key performance indicators required under article 8 of Taxonomy Regulation (EU) 2020/852; and,,Article 8 Disclosures Delegated Act: CapEx/OpEx KPIs,,
7322a445-17c1-4545-864c-39985bc7c3dc,Attribute,aae86da7-3ee4-468f-a6eb-7cd5aba2bb06,iii,,,,,,,,E1-3,,,,,"if applicable, the CapEx plan required by Commission delegated regulation (EU) 2021/2178.",,Article 8 Disclosures Delegated Act: CapEx plan,,
00f494fa-c78d-419d-932c-b5209dbc700b,Object,18450a5c-fc58-407f-972e-69a620cb6b77,Metrics and targets,,,,,,,,,,,,,,,,,
98e2e927-c855-4540-ba71-21aaf1c20c74,Group,00f494fa-c78d-419d-932c-b5209dbc700b,Disclosure Requirement E1-4 – Targets related to climate change mitigation and adaptation,,,,,,,,E1-4,,Art. 19a §2 (b),Strategy – Recommended disclosure (b); Risk Management – Recommended disclosure (b); Metrics and Targets – Recommended disclosure (c),"Climate Benchmark Regulation, Article 6; Regulation (EC) No 1221/2009 (EMAS) Annex IV B (d); Commission, Guidelines on nonfinancial reporting: Supplement on reporting climate-related information (2019), Recommended disclosures and further guidance 3.2; Science Based Target Initiative (Corporate manual and Net-zero standard); IFRS S2 §13, 17 (d), §20 (d) and §23",,,,"Annex 1, Table 2, Indicator #4",
404c87b3-c63f-4f97-9acd-e298e3deeb19,Attribute,98e2e927-c855-4540-ba71-21aaf1c20c74,28,,,,,,,,E1-4,,,,,The undertaking shall disclose the climate-related targets it has adopted.,,,,
84954b0b-b559-4556-80be-b966b1e55de9,Attribute,98e2e927-c855-4540-ba71-21aaf1c20c74,29,,,,,,,,E1-4,,,,,"The objective of this Disclosure Requirement is to enable an understanding of the targets the undertaking has set to support its climate change mitigation and adaptation policies and address its material climate-related impacts, risks and opportunities.",,,,
ac6358b3-e9e1-4679-9448-f13ee342f369,Attribute,98e2e927-c855-4540-ba71-21aaf1c20c74,30,,,,,,,,E1-4,ESRS 2 DC-T,,,,The disclosure of the targets required in paragraph 28 shall contain the information required in [draft] ESRS 2 DC-T Tracking effectiveness of policies and actions through targets.,,,,
f56b5a18-399b-4304-a1d1-19454c827f1c,Attribute,98e2e927-c855-4540-ba71-21aaf1c20c74,31,,,,,,,,E1-4,,,,,"For the disclosure required by paragraph 28, the undertaking shall disclose whether and how it has set GHG emissions reduction targets and/or any other targets to manage material climate-related impacts, risks and opportunities, for example, renewable energy deployment, energy efficiency, climate change adaptation, and physical or transition risk mitigation.",,,,
bd352048-5e45-449e-baf3-7c42e89b2e20,Group,98e2e927-c855-4540-ba71-21aaf1c20c74,32,,,,,,,,E1-4,,,,"Climate Benchmark Regulation, Article 6","If the undertaking has set GHG emission reduction targets, [draft] ESRS 2 DC-T and the following requirements shall apply:",,,"Annex 1, Table 2, Indicator #4",
8401fb9b-cf26-4e57-8b52-281f3b2d26a3,Attribute,bd352048-5e45-449e-baf3-7c42e89b2e20,a,,,,,,,,E1-4,,,,,"GHG emission reduction targets shall be disclosed in absolute value (either in tonnes of CO2 equivalent or as a percentage of the emissions of a base year) and, if deemed meaningful, in intensity value;",,,"Annex 1, Table 2, Indicator #4",
90d0e509-d0f1-414f-88af-773179e6e512,Attribute,bd352048-5e45-449e-baf3-7c42e89b2e20,b,,,,,,,,E1-4,ESRS E1-6,,,,"GHG emission reduction targets shall be disclosed for Scope 1, 2, and 3 GHG emissions. The undertaking shall explain how the consistency of these targets with the GHG inventory boundaries is ensured (as required by Disclosure Requirement E1-6). The undertaking shall not include GHG removals, carbon credits or avoided emissions as a means of achieving the GHG emission reduction targets;",,,"Annex 1, Table 2, Indicator #4",
e907c614-62a8-48c3-a065-938b722bc5c3,Attribute,bd352048-5e45-449e-baf3-7c42e89b2e20,c,,,,,,,,E1-4,,,,,"the undertaking shall disclose its current base year and baseline value, and from 2030 onwards, update the base year for its GHG emission reduction targets after every five-year period thereafter. The undertaking may disclose the past progress made in meeting its targets before its current base year provided that this information is consistent with the requirements of this [draft] Standard;",,,"Annex 1, Table 2, Indicator #4",
02840d78-64a1-4fd6-a88d-b710514c99c0,Attribute,bd352048-5e45-449e-baf3-7c42e89b2e20,d,,,,,,,,E1-4,,,,,"GHG emission reduction targets shall at least include target values for the year 2030 and, if available, for the year 2050. From 2030, target values shall be set after every five-year period thereafter;",,,"Annex 1, Table 2, Indicator #4",
9c2884ff-2a99-44f6-ba7a-191ad757a9c5,Attribute,bd352048-5e45-449e-baf3-7c42e89b2e20,e,,,,,,,,E1-4,,,,,"the undertaking shall state whether the GHG emission reduction targets are science-based and compatible with limiting global warming to 1.5°C. The undertaking shall state which guidance or framework has been used to determine these targets including the underlying climate and policy scenarios. As part of the critical assumptions for setting GHG emission reduction targets, the undertaking shall briefly explain how it has considered future developments (e.g., changes in sales volumes, shifts in customer preferences and demand, regulatory factors, and new technologies) and how these will potentially impact both its GHG emissions and emissions reductions; and",,,"Annex 1, Table 2, Indicator #4",
f84a9232-adab-428b-94ca-d92ef135866b,Attribute,bd352048-5e45-449e-baf3-7c42e89b2e20,f,,,,,,,,E1-4,,,,,"the undertaking shall describe the expected decarbonisation levers and their overall quantitative contributions to achieve the GHG emission reduction targets (e.g., energy or material efficiency and consumption reduction, fuel switching, use of renewable energy, phase out or substitution of product and process).",,,"Annex 1, Table 2, Indicator #4",
58235fb8-056a-4c3b-ba1d-80fcf1bfe579,Group,00f494fa-c78d-419d-932c-b5209dbc700b,Disclosure Requirement E1-5 – Energy consumption and mix,,,,,,,,E1-5,,,,"Regulation (EC) No 1221/2009 (EMAS) Annex IV C 2 (c) (i); Commission, Guidelines on nonfinancial reporting: Supplement on reporting climate-related information (2019), Recommended disclosures and further guidance 3.5; GRI 302-1 and 302-3; CDP, Questionnaire (2021), C8.2; IFRS S2 §11 and Appendix B",,,,"Annex 1, Table 1, Indicator #5 and #6",
7cc3e93b-6274-4b89-9503-f611eaf0fd43,Attribute,58235fb8-056a-4c3b-ba1d-80fcf1bfe579,33,,,,,,,,E1-5,,,,,The undertaking shall provide information on its energy consumption and mix.,,,,
683b7ba1-17ca-48b6-85ce-e975eeadcab5,Attribute,58235fb8-056a-4c3b-ba1d-80fcf1bfe579,34,,,,,,,,E1-5,,,,,"The objective of this Disclosure Requirement is to provide an understanding of the undertaking’s total energy consumption in absolute value, improvement in energy efficiency, exposure to coal, oil and gas-related activities, and the share of renewable energy in its overall energy mix.",,,,
0d01f276-a3dc-4033-bf7c-c9faa5fcdfc3,Group,58235fb8-056a-4c3b-ba1d-80fcf1bfe579,35,,,,,,,,E1-5,,,,,The disclosure required by paragraph 33 shall include the total energy consumption in MWh related to own operations as follows:,,,,
5dc0b3f7-a3f6-410e-9cdf-d4c478b2c259,Group,0d01f276-a3dc-4033-bf7c-c9faa5fcdfc3,a,,,,,,,,E1-5,,,,,total energy consumption from non-renewable sources for high climate impact sectors disaggregated by:,,,"Annex 1, Table 1, Indicator #5",Energy consumption - non-renewable
9bc54e04-0001-4277-ba81-5ca46d5c347c,Attribute,5dc0b3f7-a3f6-410e-9cdf-d4c478b2c259,i,,,,,,,,E1-5,,,,,fuel consumption from coal and coal products;,,,"Annex 1, Table 1, Indicator #5",
10d17d43-fa49-4a08-b4e0-3a8a4b3380a7,Attribute,5dc0b3f7-a3f6-410e-9cdf-d4c478b2c259,ii,,,,,,,,E1-5,,,,,fuel consumption from crude oil and petroleum products;,,,"Annex 1, Table 1, Indicator #5",
356a9fd2-b6f9-4077-8b32-e0e550d8bbe2,Attribute,5dc0b3f7-a3f6-410e-9cdf-d4c478b2c259,iii,,,,,,,,E1-5,,,,,fuel consumption from natural gas;,,,"Annex 1, Table 1, Indicator #5",
6fed2cbf-751a-4b29-8c10-c67df2c2632d,Attribute,5dc0b3f7-a3f6-410e-9cdf-d4c478b2c259,iv,,,,,,,,E1-5,,,,,fuel consumption from other non-renewable sources;,,,"Annex 1, Table 1, Indicator #5",
54b98d8e-777c-4857-8f0c-74ee370dcb15,Attribute,5dc0b3f7-a3f6-410e-9cdf-d4c478b2c259,v,,,,,,,,E1-5,,,,,consumption from nuclear products; and,,,"Annex 1, Table 1, Indicator #5",
7ee55dcd-0314-459f-96c9-8e4159254e8c,Attribute,5dc0b3f7-a3f6-410e-9cdf-d4c478b2c259,vi,,,,,,,,E1-5,,,,,"consumption of purchased or acquired electricity, heat, steam, and cooling from non-renewable sources; and",,,"Annex 1, Table 1, Indicator #5",
8c0516cd-0221-48cd-8097-1c62cf62dc93,Group,0d01f276-a3dc-4033-bf7c-c9faa5fcdfc3,b,,,,,,,,E1-5,,,,,total energy consumption from renewable sources disaggregated by:,,,"Annex 1, Table 2, Indicator #5",Energy consumption - renewable
b8a18ab9-4375-4221-81b1-fda9b6e314f2,Attribute,8c0516cd-0221-48cd-8097-1c62cf62dc93,i,,,,,,,,E1-5,,,,,"fuel consumption for renewable sources (including biomass, biogas, nonfossil fuel waste, hydrogen from renewable sources, etc.);",,,"Annex 1, Table 2, Indicator #5",
9bf49050-a62e-4494-9a23-4c9a5b0cc9ca,Attribute,8c0516cd-0221-48cd-8097-1c62cf62dc93,ii,,,,,,,,E1-5,,,,,"consumption of purchased or acquired electricity, heat, steam, and cooling from renewable sources; and",,,"Annex 1, Table 2, Indicator #5",
2fac51fd-d7b6-43fe-8edb-147f35b301fb,Attribute,8c0516cd-0221-48cd-8097-1c62cf62dc93,iii,,,,,,,,E1-5,,,,,consumption of self-generated non-fuel renewable energy.,,,"Annex 1, Table 2, Indicator #5",
2418c28d-56f9-4344-b5f5-e69a5dc07c78,Attribute,58235fb8-056a-4c3b-ba1d-80fcf1bfe579,36,,,,,,,,E1-5,,,,,"In addition, where applicable, the undertaking shall disaggregate and disclose separately its non-renewable energy production and renewable energy production in MWh.",,,"Annex 1, Table 1, Indicator #5",Energy production
b0f91dc4-61a6-4995-a065-3c63b4a30ded,Group,58235fb8-056a-4c3b-ba1d-80fcf1bfe579,Energy intensity based on net revenue,,,,,,,,E1-5,,,,,,,,,
d9c4870a-35c9-4298-9ad4-8633f84dff04,Attribute,b0f91dc4-61a6-4995-a065-3c63b4a30ded,37,,,,,,,,E1-5,,,,,The undertaking shall provide information on the energy intensity (total energy consumption per net revenue) associated with activities in high climate impact sectors.,,,"Annex 1, Table 1, Indicator #6",
518e436a-50f5-4f8e-a591-22a57ca948ad,Attribute,b0f91dc4-61a6-4995-a065-3c63b4a30ded,38,,,,,,,,E1-5,,,,,The disclosure on energy intensity required by paragraph 37 shall only be derived from the total energy consumption and net revenue from activities in high climate impact sectors.,,,"Annex 1, Table 1, Indicator #6",
e38d6b78-b3e3-423c-b92d-444a048fcb70,Attribute,b0f91dc4-61a6-4995-a065-3c63b4a30ded,39,,,,,,,,E1-5,,,,,The undertaking shall specify the high climate impact sectors that are used to determine the energy intensity required by paragraph 37.,,,"Annex 1, Table 1, Indicator #6",
1599f070-b3d2-411e-b3da-837cc20b8f59,Attribute,b0f91dc4-61a6-4995-a065-3c63b4a30ded,40,,,,,,,,E1-5,,,,,The undertaking shall disclose the reconciliation to the relevant line item or notes in the financial statements of the net revenue amount from activities in high climate impact sectors (the denominator in the calculation of the energy intensity required by paragraph 37).,,,"Annex 1, Table 1, Indicator #6",
14f3a0ec-a14d-4e10-91be-6a41a834b90a,Group,00f494fa-c78d-419d-932c-b5209dbc700b,"Disclosure Requirement E1-6 – Gross Scopes 1, 2, 3 and Total GHG emissions",,,,,,,,E1-6,,,"Cross-industry, climate-related metric categories; Metrics and Targets – Recommended disclosure (a); Metrics and Targets – Recommended disclosure (b)","Climate Benchmark Regulation Article 5 (1), 6, 8 (1); Commission, Guidelines on nonfinancial reporting: Supplement on reporting climate-related information (2019), Recommended disclosures and further guidance 3.5; Regulation (EC) No 1221/2009 (EMAS) Annex IV C 2 (c) (vi); GRI 305-1, 305-2, 305-3 and 305-4; CDP, Questionnaire (2021), C6.1, C6.2, C6.3, C6.5, C6.10, C5.1 and C5.2; IFRS S2 §20 (a), §21 (a) and §11",,Emissions intensity metrics in terms of net turnover,,"Annex 1, Table 1, Indicator #1, #2 and #3",
0a9c5267-617a-409b-af84-57eb8dcc6585,Group,14f3a0ec-a14d-4e10-91be-6a41a834b90a,41,,,,,,,,E1-6,,,Metrics and Targets – Recommended disclosure (a); Metrics and Targets – Recommended disclosure (b),"Climate Benchmark Regulation, Articles 5 (1), 6 and 8 (1)",The undertaking shall disclose its:,,,"Annex 1, Table 1, Indicator #1 and #2",
1a1e455f-a3be-412c-a69d-4913e663c9c4,Attribute,0a9c5267-617a-409b-af84-57eb8dcc6585,a,,,,,,,,E1-6,,,,"Climate Benchmark Regulation, Articles 5 (1), 6 and 8 (1)",gross Scope 1 GHG emissions;,,,"Annex 1, Table 1, Indicator #1 and #2",Gross Scope 1 GHG emissions
148b64c9-ceb5-4a83-9c19-0c122496dd12,Attribute,0a9c5267-617a-409b-af84-57eb8dcc6585,b,,,,,,,,E1-6,,,,"Climate Benchmark Regulation, Articles 5 (1), 6 and 8 (1)",gross Scope 2 GHG emissions;,,,"Annex 1, Table 1, Indicator #1 and #2",Gross Scope 2 GHG emissions
2f2ea83e-3cff-4556-a24d-4948484bd78a,Attribute,0a9c5267-617a-409b-af84-57eb8dcc6585,c,,,,,,,,E1-6,,,,"Climate Benchmark Regulation, Articles 5 (1), 6 and 8 (1)",gross Scope 3 GHG emissions; and,,,"Annex 1, Table 1, Indicator #1 and #2",Gross Scope 3 GHG emissions
e890831f-751f-4548-826b-344fabab81c7,Attribute,0a9c5267-617a-409b-af84-57eb8dcc6585,d,,,,,,,,E1-6,,,,"Climate Benchmark Regulation, Articles 5 (1), 6 and 8 (1)",total GHG emissions.,,,"Annex 1, Table 1, Indicator #1 and #2",Total GHG emissions
cb615983-ef57-46e7-9074-20dfbf6f3c35,Group,14f3a0ec-a14d-4e10-91be-6a41a834b90a,42,,,,,,,,E1-6,,,,,The objective of the Disclosure Requirement in paragraph 41 in respect of:,,,,
0db4e109-3be0-450c-80b1-3b3271899b0d,Attribute,cb615983-ef57-46e7-9074-20dfbf6f3c35,a,,,,,,,,E1-6,,,,,gross Scope 1 GHG emissions as required by paragraph 41(a) is to provide an understanding of the direct impacts of the undertaking on climate change and the proportion of its total GHG emissions that are regulated under emission trading schemes.,,,,
9088b6c3-093d-4882-88eb-20ddfea76bab,Attribute,cb615983-ef57-46e7-9074-20dfbf6f3c35,b,,,,,,,,E1-6,,,,,gross Scope 2 GHG emissions as required by paragraph (b) is to provide an understanding of the indirect impacts on climate change caused by the undertaking’s consumed energy whether externally purchased or acquired.,,,,
da7fcd5d-641d-4161-8469-1505b092c5b6,Attribute,cb615983-ef57-46e7-9074-20dfbf6f3c35,c,,,,,,,,E1-6,,,,,"gross Scope 3 GHG emissions as required by paragraph 41(c) is to provide an understanding of the GHG emissions that occur in the undertaking’s value chain beyond its Scope 1 and 2 GHG emissions. For many undertakings, Scope 3 GHG emissions may be the main component of the GHG inventory and are an important driver of the undertaking’s transition risks.",,,,
7ba688c0-b662-49c1-a873-7f1ad9a9357c,Attribute,cb615983-ef57-46e7-9074-20dfbf6f3c35,d,,,,,,,,E1-6,,,,,total GHG emissions as required by paragraph 41(d) is to provide an overall understanding of the undertaking’s GHG emissions and whether they occur from its own operations or the value chain. This disclosure is a prerequisite for measuring progress towards reducing GHG emissions in accordance with the undertaking’s climate-related targets and EU policy goals.,,,,
c2654b30-32ae-476e-8998-d9733bc50a93,Attribute,14f3a0ec-a14d-4e10-91be-6a41a834b90a,43,,,,,,,,E1-6,,,,,The information from this Disclosure Requirement is also needed to understand the undertaking’s climate-related transition risks.,,,,
cdf9309d-b1de-430a-a98c-42278f7af865,Group,14f3a0ec-a14d-4e10-91be-6a41a834b90a,44,,,,,,,,E1-6,ESRS 1-5.1,,,,"When disclosing the information on GHG emissions required under paragraph 41, the undertaking shall be consistent with the requirements of defining the reporting undertaking and its value chain under [draft] ESRS 1 section 5.1 Reporting undertaking and value chain. The undertaking shall explain the accounting for GHG emissions from its associates, joint ventures, unconsolidated subsidiaries (investment entities) and contractual arrangements in joint arrangements that are not structured through an entity (i.e., jointly controlled operations and assets). These entities and arrangements can be part of the undertaking’s value chain. The following requirements shall apply:",,,,
b77884b8-2168-4c57-835c-a81d7da3def5,Group,cdf9309d-b1de-430a-a98c-42278f7af865,a,,,,,,,,E1-6,,,,,"If the undertaking has operational control of associates, joint ventures (accounted for under either the equity method or proportionally consolidated in the undertaking’s group financial statements), and unconsolidated subsidiaries (investment entities) (i.e., if it has the ability to control the operational activities and relationships of these entities);",,,,
0d817c68-3ef9-4183-8542-fcfa77961e09,Attribute,b77884b8-2168-4c57-835c-a81d7da3def5,i,,,,,,,,E1-6,,,,,"it shall include their full (Scope 1 and 2) GHG emissions in its reported GHG emissions (primarily as Scope 1 and 2 GHG emissions if the undertaking is a non-financial corporation, and as Scope 3 GHG emissions under the financial investments category particularly if it is a financial institution).",,,,
237ead23-68ad-4423-95b8-f910777ce49b,Attribute,b77884b8-2168-4c57-835c-a81d7da3def5,ii,,,,,,,,E1-6,,,,,the undertaking shall not apply the share of equity held in these entities to limit the proportion of their GHG emissions that it includes in its reported GHG emissions.,,,,
2b443785-6c5b-46f6-b802-1701f01c203d,Attribute,cdf9309d-b1de-430a-a98c-42278f7af865,b,,,,,,,,E1-6,,,,,"If the undertaking has operational control of contractual arrangements in joint arrangements that are not structured through an entity (i.e., jointly controlled operations and assets) (for instance, through its holding of an environmental license or permit from the local authorities), it shall include their full (Scope 1 and 2) GHG emissions in its reported GHG emissions.",,,,
b2098e87-2bd1-4365-8771-b4562f167286,Attribute,cdf9309d-b1de-430a-a98c-42278f7af865,c,,,,,,,,E1-6,,,,,"Conversely, in its reported Scope 1 and 2 GHG emissions, the undertaking shall not include any (Scope 1 and 2) GHG emissions from the entities (i.e., associates, joint ventures and, unconsolidated subsidiaries) and contractual arrangements in jointly controlled operations where it does not have operational control. However, when these entities and contractual arrangements are part of the undertaking’s value chain, their Scope 1, 2 and 3 GHG emissions shall be accounted for as part of the undertaking’s Scope 3 GHG emissions.",,,,
3932e58a-a513-4d3f-a0c8-e7a845ffc347,Attribute,14f3a0ec-a14d-4e10-91be-6a41a834b90a,44,,,,,,,,E1-6,,,,,"In case of significant changes in the definition of what constitutes the reporting undertaking and its value chain, the undertaking shall disclose these changes and explain their effect on the year-to-year comparability of its reported GHG emissions (i.e., the effect on the comparability of current versus previous reporting period GHG emissions).",,,,
477a1083-366f-4875-a765-c77c177adac9,Group,14f3a0ec-a14d-4e10-91be-6a41a834b90a,45,,,,,,,,E1-6,,,,,The disclosure on gross Scope 1 GHG emissions required by paragraph (a) shall include:,,,,
aedf60d7-07e2-41a1-b087-17a9005a003e,Attribute,477a1083-366f-4875-a765-c77c177adac9,a,,,,,,,,E1-6,,,,,the gross Scope 1 GHG emissions in metric tonnes of CO2eq; and,,,,
9cce2193-e277-4b7e-8ede-6e25e181a699,Attribute,477a1083-366f-4875-a765-c77c177adac9,b,,,,,,,,E1-6,,,,,the percentage of Scope 1 GHG emissions from regulated emission trading schemes.,,,,
bafc574d-6a05-4eaf-aaef-e32cb8e38e5d,Group,14f3a0ec-a14d-4e10-91be-6a41a834b90a,46,,,,,,,,E1-6,,,,,The disclosure on gross Scope 2 GHG emissions required by paragraph (b) shall include:,,,,
cc39bc3e-d97a-47fb-a401-6c191f3d41d0,Attribute,bafc574d-6a05-4eaf-aaef-e32cb8e38e5d,a,,,,,,,,E1-6,,,,,the gross location-based Scope 2 GHG emissions in metric tonnes of CO2eq; and,,,,
68cdee27-005e-4482-992f-0df09ec85cac,Attribute,bafc574d-6a05-4eaf-aaef-e32cb8e38e5d,b,,,,,,,,E1-6,,,,,the gross market-based Scope 2 GHG emissions in metric tonnes of CO2eq.,,,,
eb3ad694-e870-45f4-b529-4066f287728e,Group,14f3a0ec-a14d-4e10-91be-6a41a834b90a,47,,,,,,,,E1-6,,,,,"For Scope 1 and Scope 2 emissions disclosed as required by paragraphs (a) and (b), the undertaking shall disaggregate the information, separately disclosing emissions from:",,,,
776c4a71-bd3a-4505-8e1a-172dcbaaec6d,Attribute,eb3ad694-e870-45f4-b529-4066f287728e,a,,,,,,,,E1-6,,,,,"the consolidated accounting group entities (i.e., the parent and subsidiaries for which it has financial control) that are subject to full consolidation in the group financial statements; and",,,,
043b55d5-a05d-4a98-92a2-6d457abc780b,Attribute,eb3ad694-e870-45f4-b529-4066f287728e,b,,,,,,,,E1-6,,,,,"associates, joint ventures, unconsolidated subsidiaries, and jointly controlled operations and assets that are not subject to full consolidation in the group financial statements but for which the undertaking has operational control (i.e., the ability to control the operational activities and relationships).",,,,
c0c77fc4-6159-4001-a467-0b272bfaec44,Attribute,14f3a0ec-a14d-4e10-91be-6a41a834b90a,48,,,,,,,,E1-6,,,,,"The disclosure of gross Scope 3 GHG emissions required by paragraph (c) shall include GHG emissions in metric tonnes of CO2eq from each significant Scope 3 category (i.e., each Scope 3 category that is a priority for the undertaking).",,,,
223f63db-9d87-409a-bb31-a74c604db142,Group,14f3a0ec-a14d-4e10-91be-6a41a834b90a,49,,,,,,,,E1-6,,,,,"The disclosure of total GHG emissions required by paragraph (d) shall be the sum of Scope 1, 2 and 3 GHG emissions required by paragraphs (a) to (c). The total GHG emissions shall be disclosed with a disaggregation that makes a distinction of:",,,,
4b0b5ac8-e8c8-46ac-ba12-78312bb45c10,Attribute,223f63db-9d87-409a-bb31-a74c604db142,a,,,,,,,,E1-6,,,,,the total GHG emissions derived from the underlying Scope 2 GHG emissions being measured using the location-based method; and,,,,
ca7f7eba-d48e-44d5-865e-c8afb8dce4d4,Attribute,223f63db-9d87-409a-bb31-a74c604db142,b,,,,,,,,E1-6,,,,,the total GHG emissions derived from the underlying Scope 2 GHG emissions being measured using the market-based method.,,,,
58b6fd63-f757-47e1-8c47-cea18f202e71,Group,14f3a0ec-a14d-4e10-91be-6a41a834b90a,GHG Intensity based on net revenue,,,,,,,,E1-6,,,,,,,,"Annex 1, Table 1, Indicator #3",
d74ca03c-6a85-41cd-ac1c-a3aa556fe64c,Attribute,58b6fd63-f757-47e1-8c47-cea18f202e71,50,,,,,,,,E1-6,,,Metrics and Targets – Recommended disclosure (a); Metrics and Targets – Recommended disclosure (b),,The undertaking shall disclose its GHG emissions intensity (total GHG emissions per net revenue).,,,"Annex 1, Table 1, Indicator #3",GHG emissions intensity
dc6e1a24-96ff-44ca-a670-9a4ef45a0c24,Attribute,58b6fd63-f757-47e1-8c47-cea18f202e71,51,,,,,,,,E1-6,,,,,The disclosure on GHG intensity required by paragraph 50 shall provide the total GHG emissions in metric tonnes of CO2eq (required by paragraph (d)) per net revenue.,,,"Annex 1, Table 1, Indicator #3",
e5cd33a6-9e06-45f5-9d8f-ed28606474bf,Attribute,58b6fd63-f757-47e1-8c47-cea18f202e71,52,,,,,,,,E1-6,,,,,The undertaking shall disclose the reconciliation to the relevant line item or notes in the financial statements of the net revenue amounts (the denominator in the calculation of the GHG emissions intensity required by paragraph 50).,,,"Annex 1, Table 1, Indicator #3",
8d6ff231-4b83-475e-9779-e06bd07ec4df,Group,00f494fa-c78d-419d-932c-b5209dbc700b,Disclosure Requirement E1-7 – GHG removals and GHG mitigation projects financed through carbon credits,,,,,,,,E1-7,,Recital §47,,EU Climate Law; IFRS S2 §13 (b) (partially covered); GRI 305-5,,,,,
af529ceb-27b1-4cd9-91fd-9d1aed199e64,Group,8d6ff231-4b83-475e-9779-e06bd07ec4df,53,,,,,,,,E1-7,,,,,The undertaking shall disclose:,,,,
c62fc53f-96a7-414e-8c4d-60bf80b07b25,Attribute,af529ceb-27b1-4cd9-91fd-9d1aed199e64,a,,,,,,,,E1-7,,,,,GHG removals and storage from its own operations and its upstream and downstream value chain it may have developed in metric tonnes of CO2eq; and,,,,GHG removals and storage
a8158f33-8acb-4156-8f72-60a297e9066e,Attribute,af529ceb-27b1-4cd9-91fd-9d1aed199e64,b,,,,,,,,E1-7,,,,,the amount of GHG emission reductions or removals from climate change mitigation projects outside its value chain it has financed through any purchase of carbon credits.,,,,Purchased carbon credits
dd6aadff-317c-4237-a0f7-deae500642fd,Group,8d6ff231-4b83-475e-9779-e06bd07ec4df,54,,,,,,,,E1-7,,,,,The objective of this Disclosure Requirement in respect of:,,,,
f9204e54-a171-47dd-bcc5-92e767e83875,Attribute,dd6aadff-317c-4237-a0f7-deae500642fd,a,,,,,,,,E1-7,,,,,"GHG removals and storage in its own operations and the value chain as required by paragraph 53(a) is to provide transparency and comparable information on the undertaking’s actions to permanently remove or actively support the removal of GHG from the atmosphere, potentially for achieving net-zero targets (as stated in paragraph 57).",,,,
3c511d02-20cf-49c8-b8eb-8cef8619be4b,Attribute,dd6aadff-317c-4237-a0f7-deae500642fd,b,,,,,,,,E1-7,,,,,"GHG mitigation projects financed through carbon credits outside the undertaking’s value chain as required by paragraph 53(b) is to provide an understanding of the extent and quality of carbon credits the undertaking has purchased from the voluntary market and cancelled in the reporting period, potentially for supporting its GHG neutrality claims (as stated in paragraph 58).",,,,
827de563-2251-40d4-b089-0eed227b0d49,Group,8d6ff231-4b83-475e-9779-e06bd07ec4df,55,,,,,,,,E1-7,,,,,"The disclosure on GHG removals and storage required by paragraph 53(a) shall include, if applicable:",,,,
581eb053-e149-40c1-8fa3-9ebd34c796af,Attribute,827de563-2251-40d4-b089-0eed227b0d49,a,,,,,,,,E1-7,,,,,"the total amount of GHG removals and storage in metric tonnes of CO2eq disaggregated and separately disclosed for the amount related to the undertaking’s own operations and its value chain, and broken down by removal activity; and",,,,
6ab49592-6401-4501-9b90-efaaf9e25842,Attribute,827de563-2251-40d4-b089-0eed227b0d49,b,,,,,,,,E1-7,,,,,"the calculation assumptions, methodologies and frameworks applied by the undertaking.",,,,
ada2f813-6369-4633-9da6-4204120b34ec,Group,8d6ff231-4b83-475e-9779-e06bd07ec4df,56,,,,,,,,E1-7,,,,,"The disclosure on carbon credits required by paragraph 53(b) shall include, if applicable:",,,,
e49ea913-da76-433d-8db7-b28103d60e23,Attribute,ada2f813-6369-4633-9da6-4204120b34ec,a,,,,,,,,E1-7,,,,,the total amount of carbon credits outside the undertaking’s value chain in metric tonnes of CO2eq that are verified against recognised national or international quality standards and cancelled in the reporting period; and,,,,
1744999b-fab7-4836-b871-683b115093d7,Attribute,ada2f813-6369-4633-9da6-4204120b34ec,b,,,,,,,,E1-7,,,,,the total amount of carbon credits outside the undertaking’s value chain in metric tonnes of CO2eq planned to be cancelled in the future based on existing contractual agreements.,,,,
ad2dc993-e09c-44a7-b684-f5c964c0a365,Attribute,8d6ff231-4b83-475e-9779-e06bd07ec4df,57,,,,,,,,E1-7,ESRS E1-4,,,,"In the case where the undertaking discloses a net-zero target in addition to the gross GHG emission reduction targets (as required by Disclosure Requirement E1-4, paragraph 32), it shall explain the scope, methodologies and frameworks applied and how the residual GHG emissions (after approximately 90-95% of GHG emission reduction) are intended to be neutralised by GHG removals in its own operations and value chain.",,,,
2e2262b2-3574-43c7-84c3-bf85700fd993,Attribute,8d6ff231-4b83-475e-9779-e06bd07ec4df,58,,,,,,,,E1-7,ESRS E1-4,,,"EU Climate Law, Article 2 (1)","In addition to reporting on its gross GHG emission reduction targets as required in Disclosure Requirement E1-4 and possibly on its net zero targets in line with paragraph 57, the undertaking may have made public claims of GHG neutrality that involve the use of carbon credits by reference to the information disclosed under paragraph 53(b). In such a case, the undertaking shall explain the credibility and integrity of the carbon credits used, and whether and how its claims of GHG neutrality neither impede nor reduce the achievement of its GHG emission reduction targets.",,,,
d86da14e-ae68-4394-94cc-8ecc4036464a,Group,00f494fa-c78d-419d-932c-b5209dbc700b,Disclosure Requirement E1-8 – Internal carbon pricing,,,,,,,,E1-8,,,Metrics and Targets – Recommended disclosure (a),"Commission, Guidelines on nonfinancial reporting: Supplement on reporting climate-related information (2019), Recommended disclosures and further guidance 3.4; CDP, Questionnaire (2021), C11.3; IFRS S2 §21 (f)",,,,,
1da3adca-0ed4-4d97-9ee0-9abbbc69c076,Attribute,d86da14e-ae68-4394-94cc-8ecc4036464a,59,,,,,,,,E1-8,,,,,"The undertaking shall disclose whether it applies internal carbon pricing schemes, and if so, how these support its decision making and incentivise the implementation of climate-related policies and targets.",,,,
6a36ad87-3e9f-4503-b081-0446e73f9cea,Group,d86da14e-ae68-4394-94cc-8ecc4036464a,60,,,,,,,,E1-8,,,,,The information required in paragraph 59 shall include:,,,,
041fdcbc-fb9d-40f6-b930-d526165574ee,Attribute,6a36ad87-3e9f-4503-b081-0446e73f9cea,a,,,,,,,,E1-8,,,,,"the type of internal carbon pricing scheme, for example, the shadow prices applied for CapEX or research and development (R&D) investment decision making, internal carbon fees or internal carbon funds;",,,,
8be1ebf5-423b-4d85-852f-4cf65f4c7d7e,Attribute,6a36ad87-3e9f-4503-b081-0446e73f9cea,b,,,,,,,,E1-8,,,,,"the specific scope of application of the carbon pricing schemes (activities, geographies, entities, etc.);",,,,
befdc420-a623-4def-95e9-491c31727019,Attribute,6a36ad87-3e9f-4503-b081-0446e73f9cea,c,,,,,,,,E1-8,,,,,"the carbon prices applied according to the type of scheme and critical assumptions made to determine the prices, including the source of the applied carbon prices and why these are deemed relevant for their chosen application. The undertaking may disclose the calculation methodology of the carbon prices including the extent to which these have been set using scientific guidance and how their future development is related to science-based carbon pricing trajectories; and",,,,Carbon price
90a47e46-ebca-4d2f-b31f-a840f34829e1,Attribute,6a36ad87-3e9f-4503-b081-0446e73f9cea,d,,,,,,,,E1-8,,,,,"the current year approximate gross GHG emission volumes by Scopes 1, 2 and 3 in metric tonnes of CO2eq covered by these schemes, as well as their share of the undertaking’s overall GHG emissions for each respective Scope.",,,,
1082147a-2896-4a2a-a3f6-96b5a5176038,Group,00f494fa-c78d-419d-932c-b5209dbc700b,Disclosure Requirement E1-9 – Potential financial effects from material physical and transition risks and potential climate-related opportunities,,,,,,,,E1-9,,,"Cross-industry, climate-related metric categories","Climate Benchmark Regulation; Commission, Guidelines on nonfinancial reporting: Supplement on reporting climate-related information (2019), Recommended disclosures and further guidance 3.4; IFRS S2 §8 (d), §14 (b), (c), (d), (e), §20 (a) and §21 (b), (c), (d)",,"Template 5, Template 2",,,
70ff47b5-83dc-463c-a491-77d95f11255f,Group,1082147a-2896-4a2a-a3f6-96b5a5176038,61,,,,,,,,E1-9,,,,,The undertaking shall disclose its,,,,
05d7b11b-6120-45ff-95cb-8a3d255b1035,Attribute,70ff47b5-83dc-463c-a491-77d95f11255f,a,,,,,,,,E1-9,,,,,potential financial effects from material physical risks;,,,,
218f6826-8ae6-4338-a911-9d11a4840577,Attribute,70ff47b5-83dc-463c-a491-77d95f11255f,b,,,,,,,,E1-9,,,,,potential financial effects from material transition risks; and,,,,
3c0a11a7-b62d-4da1-b08d-49e238d23d36,Attribute,70ff47b5-83dc-463c-a491-77d95f11255f,c,,,,,,,,E1-9,,,,,potential to pursue material climate-related opportunities.,,,,
28228b1a-3548-49c3-a050-c4940b7d9be7,Group,1082147a-2896-4a2a-a3f6-96b5a5176038,62,,,,,,,,E1-9,ESRS 2 SBM-3,,,,The information required by paragraph 61 differs from and is in addition to the information on the current/past financial effects reflected in the financial statements required under [draft] ESRS 2 SBM-3. The objective of this Disclosure Requirement related to:,,,,
e9dafd15-d38a-4cc0-9ad3-d65353784999,Attribute,28228b1a-3548-49c3-a050-c4940b7d9be7,a,,,,,,,,E1-9,,,,,"potential financial effects due to material physical and transition risks is to provide an understanding of how these risks have a material influence (or are likely to have a material influence) on the undertaking’s cash flows, performance, position, development, cost of capital or access to finance over the short-, medium- and long-term time horizons. Potential financial effects from these risks include financial effects that do not meet the recognition criteria for inclusion in the line items and notes to the financial statements. The results of scenario analysis used to conduct resilience analysis as required under paragraphs AR 11 to AR 14 should inform the assessment of potential financial effects from material physical and transition risks.",,,,
cc8083bf-c1f7-4f11-8834-d76c345ab02b,Attribute,28228b1a-3548-49c3-a050-c4940b7d9be7,b,,,,,,,,E1-9,,,,,potential to pursue material climate-related opportunities is to enable an understanding of how the undertaking may financially benefit from material climate-related opportunities. This disclosure is complementary to the information requested under the Taxonomy Regulation.,,,,
fb70c1f6-7f82-4d0b-8b78-642e57ff99b1,Group,1082147a-2896-4a2a-a3f6-96b5a5176038,63,,,,,,,,E1-9,,,,"Climate Benchmark Regulation, Annex II",The disclosure of potential financial effects from material physical risks required by paragraph 61(a) shall include:,,,,
c861e19e-9c5a-4526-a2cb-17873b18efae,Attribute,fb70c1f6-7f82-4d0b-8b78-642e57ff99b1,a,,,,,,,,E1-9,,,,,"the monetary amount and proportion (percentage) of assets at material physical risk over the short-, medium- and long-term time horizons; with the monetary amounts of these assets disaggregated by acute and chronic physical risk;",Template 5,,,Physical risk - assets
10b2aa15-40ae-4e98-942b-1d29547f21ce,Attribute,fb70c1f6-7f82-4d0b-8b78-642e57ff99b1,b,,,,,,,,E1-9,,,,,the proportion of assets at material physical risk addressed by the climate change adaptation actions;,,,,
fe802c30-2a86-4c7c-9904-cde6ae2deacb,Attribute,fb70c1f6-7f82-4d0b-8b78-642e57ff99b1,c,,,,,,,,E1-9,,,,,the location of significant assets at material physical risk; and,Template 5,,,Physical risk - asset locations
4524d981-8f1a-4b4f-a3de-8e9cc05bd59f,Attribute,fb70c1f6-7f82-4d0b-8b78-642e57ff99b1,d,,,,,,,,E1-9,,,,,"the monetary amount and proportion (percentage) of net revenue from its business activities at material physical risk over the short-, medium- and long-term time horizons.",,,,
6e399496-a505-4388-ade7-46e2fdc34a39,Group,1082147a-2896-4a2a-a3f6-96b5a5176038,64,,,,,,,,E1-9,,,,,The disclosure of potential financial effects from material transition risk required by paragraph 61(b) shall include:,,,,
db49284f-42e8-4186-8d4c-f35c3b9b0800,Attribute,6e399496-a505-4388-ade7-46e2fdc34a39,a,,,,,,,,E1-9,,,,,"the monetary amount and proportion (percentage) of assets at material transition risk over the short-, medium- and long-term time horizons;",,,,Transition risk - assets
2f7c4a43-74c0-4a9b-9fb8-c6523f6e94ee,Attribute,6e399496-a505-4388-ade7-46e2fdc34a39,b,,,,,,,,E1-9,,,,,the proportion of assets at material transition risk addressed by the climate change mitigation actions;,,,,
157a25f8-412e-4e65-baa6-35c155c7ab82,Attribute,6e399496-a505-4388-ade7-46e2fdc34a39,c,,,,,,,,E1-9,,,,,a breakdown of the carrying value of its real estate assets by energy-efficiency classes;,Template 2,,,Real estate assets - energy efficiency
a9f95759-1fd1-41c1-8cb1-c03f2d0f0cd2,Attribute,6e399496-a505-4388-ade7-46e2fdc34a39,d,,,,,,,,E1-9,,,,,"liabilities that may have to be recognised in financial statements over the short-, medium- and long-term time horizons; and",,,,
c6dd2172-22c8-4d14-ad95-206e89746a6c,Attribute,6e399496-a505-4388-ade7-46e2fdc34a39,e,,,,,,,,E1-9,,,,,"the monetary amount and proportion (percentage) of net revenue from its business activities at material transition risk over the short-, medium- and long-term time horizons including, where relevant, the net revenue from the undertaking’s customers operating in coal, oil and gas-related activities.",,,,
6f9c960d-c914-4127-9bf9-ed7b8021b9ec,Group,1082147a-2896-4a2a-a3f6-96b5a5176038,65,,,,,,,,E1-9,,,,,The undertaking shall disclose reconciliations to the relevant line items or notes in the financial statements of the following:,,,,
8d6c2f8c-556c-439b-8d09-4e5007d6a15d,Attribute,6f9c960d-c914-4127-9bf9-ed7b8021b9ec,a,,,,,,,,E1-9,,,,,significant amounts of the assets and net revenue at material physical risk (as required by paragraph 63).,,,,
10a387cc-d316-45da-b06d-5ceaeaa24c1b,Attribute,6f9c960d-c914-4127-9bf9-ed7b8021b9ec,b,,,,,,,,E1-9,,,,,"significant amounts of the assets, liabilities, and net revenue at material transition risk (as required by paragraph 64).",,,,
e05ed8a0-93f7-49e1-815f-9778c55402bd,Group,1082147a-2896-4a2a-a3f6-96b5a5176038,66,,,,,,,,E1-9,,,,,"For the disclosure of potential to pursue climate-related opportunities required by paragraph 61(c), the undertaking shall consider:",,,,
ae439738-35a3-49f3-8466-61cace90e24c,Attribute,e05ed8a0-93f7-49e1-815f-9778c55402bd,a,,,,,,,,E1-9,,,,,its expected cost savings from climate change mitigation and adaptation actions; and,,,,
6827d687-54f0-45bb-9a71-cccbfd39069d,Attribute,e05ed8a0-93f7-49e1-815f-9778c55402bd,b,,,,,,,,E1-9,,,,,the potential market size or expected changes to net revenue from low-carbon products and services or adaptation solutions to which the undertaking has or may have access.,,,,
8defe8f8-3a8f-4eda-86e6-e10c85939560,Attribute,1082147a-2896-4a2a-a3f6-96b5a5176038,67,,,,,,,,E1-9,,,,,A quantification of the financial effects that arise from opportunities is not required if such a disclosure does not meet the qualitative characteristics of useful information included under [draft] ESRS 1 Appendix C Qualitative characteristics of information.,,,,